,0,1,2,3
0,10005.732407498464,0.0005730765101307298,"0.00,0.00,0.00,0.00,1.00,0.00","1.000,1.037,1.001,1.004,1.003,0.993"
1,10005.656768542014,-7.5595907696365905e-06,"0.00,0.00,0.00,0.00,1.00,0.00","1.000,1.000,1.000,1.000,1.000,1.000"
2,9955.629487766395,-0.00501244106978055,"0.00,0.00,0.00,0.00,0.00,1.00","1.000,1.000,1.000,1.000,1.000,1.000"
3,9905.852338379418,-0.00501244106978055,"0.00,0.00,0.00,1.00,0.00,0.00","1.000,1.044,1.021,1.000,1.004,0.994"
4,9881.088700595166,-0.0025030297168705377,"1.00,0.00,0.00,0.00,0.00,0.00","1.000,1.019,0.994,1.004,0.995,1.004"
5,9881.089688704036,9.999999505838704e-08,"1.00,0.00,0.00,0.00,0.00,0.00","1.000,0.970,1.003,0.992,1.002,0.994"
6,9666.639311392284,-0.02194208659858049,"0.00,0.00,0.00,0.00,0.00,1.00","1.000,0.971,0.982,0.984,0.994,0.981"
7,9878.030925299514,0.021632481379936636,"0.00,0.00,0.00,0.00,0.00,1.00","1.000,0.971,1.004,1.004,0.996,1.022"
8,9829.171395041138,-0.00495855571728005,"0.00,1.00,0.00,0.00,0.00,0.00","1.000,1.000,1.000,1.000,1.000,1.000"
9,9829.172375500984,9.97499950626707e-08,"0.00,1.00,0.00,0.00,0.00,0.00","1.000,1.000,1.000,1.000,1.000,1.000"
10,9860.352332568387,0.0031671646312811143,"0.00,1.00,0.00,0.00,0.00,0.00","1.000,1.003,0.993,1.004,1.007,0.994"
11,9835.780387670991,-0.0024951047999349964,"1.00,0.00,0.00,0.00,0.00,0.00","1.000,1.005,1.011,1.004,1.008,1.012"
12,9811.191920279853,-0.0025030299674969883,"0.00,0.00,0.00,0.00,0.00,1.00","1.000,1.003,1.000,1.000,0.995,1.000"
13,9971.91571886169,0.016248947111892797,"0.00,0.00,1.00,0.00,0.00,0.00","1.000,1.051,1.021,0.996,1.036,0.998"
14,9899.83804864318,-0.007254315562955597,"0.00,0.00,0.00,0.00,0.00,1.00","1.000,1.054,0.984,0.988,0.988,0.998"
15,9850.283280366919,-0.005018184085261034,"0.00,0.00,0.00,1.00,0.00,0.00","1.000,1.000,1.000,1.000,1.000,1.000"
16,9850.284262932677,9.97499950626707e-08,"0.00,0.00,0.00,1.00,0.00,0.00","1.000,1.000,1.000,1.000,1.000,1.000"
17,9079.260787541909,-0.08150753571308683,"0.00,1.00,0.00,0.00,0.00,0.00","1.000,0.927,0.944,0.979,0.951,0.977"
18,9054.768848870284,-0.0027012146836561035,"1.00,0.00,0.00,0.00,0.00,0.00","1.000,1.022,1.007,1.000,1.002,1.000"
19,9939.30219727069,0.09320525317060263,"0.00,1.00,0.00,0.00,0.00,0.00","1.000,1.100,0.993,1.000,0.997,1.023"
20,9891.869452390494,-0.004783664442037513,"0.00,0.00,1.00,0.00,0.00,0.00","1.000,1.000,1.000,1.000,1.000,1.000"
21,9842.411096788454,-0.00501244106978055,"0.00,0.00,0.00,0.00,1.00,0.00","1.000,1.000,1.000,1.000,1.000,1.000"
22,9793.200028006224,-0.00501244106978055,"0.00,0.00,0.00,0.00,0.00,1.00","1.000,1.000,1.000,1.000,1.000,1.000"
23,9768.718009704511,-0.0025030297168705377,"1.00,0.00,0.00,0.00,0.00,0.00","1.000,1.000,1.000,1.000,1.000,1.000"
24,9768.718986576312,9.999999505838704e-08,"1.00,0.00,0.00,0.00,0.00,0.00","1.000,0.997,1.014,1.009,1.016,0.985"
25,9768.719963448211,9.999999505838704e-08,"1.00,0.00,0.00,0.00,0.00,0.00","1.000,1.017,0.998,1.008,0.993,0.986"
26,9732.803147515504,-0.003683492447090139,"0.00,0.00,0.00,0.00,0.00,1.00","1.000,0.958,1.003,0.996,1.003,0.999"
27,9798.711971352981,0.00674899756720449,"0.00,0.00,0.00,0.00,0.00,1.00","1.000,1.010,1.001,1.021,1.001,1.007"
28,9724.011387311299,-0.007652718038695674,"0.00,0.00,0.00,0.00,0.00,1.00","1.000,1.030,1.029,0.996,1.038,0.992"
29,9675.205966582686,-0.00503170028043509,"0.00,1.00,0.00,0.00,0.00,0.00","1.000,1.000,1.000,1.000,1.000,1.000"
30,9626.83090668917,-0.00501244106978055,"0.00,0.00,0.00,0.00,0.00,1.00","1.000,1.000,1.000,1.000,1.000,1.000"
31,8938.633069990836,-0.07417140910864023,"0.00,1.00,0.00,0.00,0.00,0.00","1.000,0.934,0.959,0.983,0.994,0.997"
32,8914.695792603317,-0.002681549409141186,"1.00,0.00,0.00,0.00,0.00,0.00","1.000,0.975,1.005,1.000,1.001,1.014"
33,8785.003971186528,-0.014654953956683541,"0.00,0.00,1.00,0.00,0.00,0.00","1.000,0.993,0.988,1.000,0.993,0.999"
34,8793.06480831874,0.0009171471335518422,"0.00,1.00,0.00,0.00,0.00,0.00","1.000,1.006,1.001,1.004,1.010,0.992"
35,8997.652293114275,0.023000366172423275,"0.00,1.00,0.00,0.00,0.00,0.00","1.000,1.023,1.010,0.996,1.000,1.003"
36,8953.176717685,-0.0049552771529136445,"0.00,0.00,1.00,0.00,0.00,0.00","1.000,1.000,1.000,1.000,1.000,1.000"
37,8908.41173165254,-0.00501244106978055,"0.00,0.00,0.00,0.00,0.00,1.00","1.000,1.000,1.000,1.000,1.000,1.000"
38,8863.870566062555,-0.00501244106978055,"0.00,1.00,0.00,0.00,0.00,0.00","1.000,1.000,1.000,1.000,1.000,1.000"
39,8841.711778250421,-0.0025030297168705377,"1.00,0.00,0.00,0.00,0.00,0.00","1.000,1.000,1.000,1.000,1.000,1.000"
40,8841.7126624216,9.999999505838704e-08,"1.00,0.00,0.00,0.00,0.00,0.00","1.000,1.000,1.000,1.000,1.000,1.000"
41,8841.713546592866,9.999999505838704e-08,"1.00,0.00,0.00,0.00,0.00,0.00","1.000,1.000,1.000,1.000,1.000,1.000"
42,8841.714430764221,9.999999505838704e-08,"1.00,0.00,0.00,0.00,0.00,0.00","1.000,1.000,1.000,1.000,1.000,1.000"
43,8841.715314935665,9.999999505838704e-08,"1.00,0.00,0.00,0.00,0.00,0.00","1.000,1.000,1.000,1.000,1.000,1.000"
44,8841.716199107197,9.999999505838704e-08,"1.00,0.00,0.00,0.00,0.00,0.00","1.000,1.000,1.000,1.000,1.000,1.000"
45,8841.717083278818,9.999999505838704e-08,"1.00,0.00,0.00,0.00,0.00,0.00","1.000,1.006,1.020,1.021,1.009,1.018"
46,8841.717967450526,9.999999505838704e-08,"1.00,0.00,0.00,0.00,0.00,0.00","1.000,1.010,1.007,1.025,1.020,1.000"
47,8841.718851622323,9.999999505838704e-08,"1.00,0.00,0.00,0.00,0.00,0.00","1.000,1.020,1.006,0.996,0.988,0.991"
48,8841.71973579421,9.999999505838704e-08,"1.00,0.00,0.00,0.00,0.00,0.00","1.000,0.962,1.003,1.028,0.999,1.022"
49,8854.42624084636,0.001436076222772878,"0.00,0.00,0.00,1.00,0.00,0.00","1.000,0.999,1.018,1.004,1.012,0.996"
50,8810.24180538143,-0.005002587933776208,"0.00,1.00,0.00,0.00,0.00,0.00","1.000,1.000,1.000,1.000,1.000,1.000"
51,8810.24268420305,9.97499950626707e-08,"0.00,1.00,0.00,0.00,0.00,0.00","1.000,1.000,1.000,1.000,1.000,1.000"
52,8695.690269082403,-0.013087454462490026,"0.00,0.00,0.00,0.00,0.00,1.00","1.000,0.972,0.993,0.976,0.986,0.992"
53,8673.776548342907,-0.002523247558084021,"1.00,0.00,0.00,0.00,0.00,0.00","1.000,1.016,1.022,1.012,1.005,1.003"
54,8673.777415720562,9.999999505838704e-08,"1.00,0.00,0.00,0.00,0.00,0.00","1.000,1.092,1.003,1.000,0.995,0.999"
55,8617.674087909316,-0.006489163118746281,"0.00,0.00,0.00,1.00,0.00,0.00","1.000,0.957,0.991,0.996,1.010,0.994"
56,8596.04493322132,-0.002513014885885612,"1.00,0.00,0.00,0.00,0.00,0.00","1.000,0.975,1.008,0.996,0.990,0.992"
57,8574.55568049276,-0.0025030299674969883,"0.00,1.00,0.00,0.00,0.00,0.00","1.000,1.000,1.000,1.000,1.000,1.000"
58,8574.55653580469,9.97499950626707e-08,"0.00,1.00,0.00,0.00,0.00,0.00","1.000,1.000,1.000,1.000,1.000,1.000"
59,8531.68461272496,-0.00501244106978055,"0.00,0.00,0.00,0.00,1.00,0.00","1.000,1.046,1.001,1.012,1.000,1.003"
60,8510.356256494528,-0.0025030297168705377,"1.00,0.00,0.00,0.00,0.00,0.00","1.000,0.974,1.024,0.996,1.002,1.013"
61,8510.357107530153,9.999999505838704e-08,"1.00,0.00,0.00,0.00,0.00,0.00","1.000,1.019,0.974,1.000,0.992,1.000"
62,8341.588875025285,-0.020030194168492194,"0.00,1.00,0.00,0.00,0.00,0.00","1.000,0.983,1.000,0.988,0.993,0.998"
63,8295.04366718135,-0.005595522912406088,"0.00,0.00,1.00,0.00,0.00,0.00","1.000,0.983,0.999,0.992,0.984,0.998"
64,8295.033379400216,-1.2402330747213598e-06,"0.00,0.00,1.00,0.00,0.00,0.00","1.000,1.000,1.000,1.000,1.000,1.000"
65,8253.559044080312,-0.00501244106978055,"0.00,1.00,0.00,0.00,0.00,0.00","1.000,1.000,1.000,1.000,1.000,1.000"
66,8172.462568827879,-0.009874227134699072,"0.00,0.00,1.00,0.00,0.00,0.00","1.000,1.006,0.995,1.000,0.991,0.997"
67,8151.933158219463,-0.002515183014960959,"1.00,0.00,0.00,0.00,0.00,0.00","1.000,1.023,1.002,1.004,1.012,1.007"
68,8151.933973412779,9.999999505838704e-08,"1.00,0.00,0.00,0.00,0.00,0.00","1.000,0.997,0.983,1.020,0.992,0.992"
69,8269.798910552183,0.014354996754723704,"0.00,0.00,1.00,0.00,0.00,0.00","1.000,1.000,1.017,1.000,1.002,1.012"
70,8237.461029818789,-0.003918024217005017,"0.00,1.00,0.00,0.00,0.00,0.00","1.000,1.001,0.984,0.996,1.005,0.997"
71,8196.296106980875,-0.005009811036192413,"0.00,0.00,0.00,1.00,0.00,0.00","1.000,1.000,1.000,1.000,1.000,1.000"
72,8155.315448124656,-0.00501244106978055,"0.00,0.00,0.00,0.00,0.00,1.00","1.000,1.000,1.000,1.000,1.000,1.000"
73,8025.361826801868,-0.01606316143359797,"0.00,0.00,1.00,0.00,0.00,0.00","1.000,0.988,0.989,1.060,0.996,0.995"
74,8005.07740919273,-0.0025307389444189027,"1.00,0.00,0.00,0.00,0.00,0.00","1.000,1.021,1.008,1.000,1.009,1.008"
75,8005.078209700471,9.999999505838704e-08,"1.00,0.00,0.00,0.00,0.00,0.00","1.000,0.978,0.974,1.037,0.979,0.994"
76,7985.066314684041,-0.0025030299674969883,"0.00,0.00,0.00,1.00,0.00,0.00","1.000,1.018,1.021,1.000,1.032,1.002"
77,8156.55004787432,0.02124820478547163,"0.00,0.00,1.00,0.00,0.00,0.00","1.000,1.049,1.026,0.989,1.011,1.004"
78,8116.2940614937925,-0.0049476376998627844,"0.00,0.00,0.00,0.00,0.00,1.00","1.000,1.000,1.000,1.000,1.000,1.000"
79,8075.713404844802,-0.00501244106978055,"0.00,0.00,0.00,1.00,0.00,0.00","1.000,1.000,1.000,1.000,1.000,1.000"
80,7906.93742169619,-0.021120683789669126,"0.00,1.00,0.00,0.00,0.00,0.00","1.000,0.984,1.010,0.996,0.995,0.995"
81,7886.851506187954,-0.002543522194550822,"1.00,0.00,0.00,0.00,0.00,0.00","1.000,1.027,1.064,1.000,1.100,1.012"
82,7886.852294873105,9.999999505838704e-08,"1.00,0.00,0.00,0.00,0.00,0.00","1.000,0.992,0.976,1.015,0.964,1.018"
83,8216.503955304786,0.04094770245339253,"0.00,1.00,0.00,0.00,0.00,0.00","1.000,1.044,1.002,0.993,1.004,0.985"
84,8033.324737416149,-0.02254632722794984,"0.00,0.00,1.00,0.00,0.00,0.00","1.000,0.952,0.983,0.985,0.987,0.991"
85,7992.803277161068,-0.005056935346008425,"0.00,0.00,0.00,1.00,0.00,0.00","1.000,1.000,1.000,1.000,1.000,1.000"
86,7952.8400620537905,-0.00501244106978055,"0.00,1.00,0.00,0.00,0.00,0.00","1.000,1.000,1.000,1.000,1.000,1.000"
87,7997.787092402418,0.005635784584628141,"0.00,1.00,0.00,0.00,0.00,0.00","1.000,1.006,0.997,1.011,0.993,1.032"
88,7977.905792030935,-0.0024889450215110683,"1.00,0.00,0.00,0.00,0.00,0.00","1.000,1.019,1.015,1.018,1.018,0.984"
89,7977.906589821515,9.999999505838704e-08,"1.00,0.00,0.00,0.00,0.00,0.00","1.000,1.018,1.006,0.986,0.982,1.002"
90,7917.6022168046275,-0.007587635359342359,"0.00,0.00,0.00,0.00,0.00,1.00","1.000,1.001,1.018,0.989,0.982,0.995"
91,7951.395579064712,0.00425904821182011,"0.00,0.00,0.00,0.00,1.00,0.00","1.000,0.991,0.984,1.022,1.009,1.028"
92,7951.213581549844,-2.2889013122086633e-05,"0.00,0.00,0.00,0.00,1.00,0.00","1.000,1.000,1.000,1.000,1.000,1.000"
93,7911.458310751256,-0.00501244106978055,"0.00,1.00,0.00,0.00,0.00,0.00","1.000,1.000,1.000,1.000,1.000,1.000"
94,7839.544109618736,-0.009131444325383663,"0.00,0.00,1.00,0.00,0.00,0.00","1.000,0.980,0.996,1.029,0.991,1.045"
95,7819.865547142574,-0.0025133224388752874,"1.00,0.00,0.00,0.00,0.00,0.00","1.000,0.970,0.981,1.010,0.979,1.011"
96,7819.866329129129,9.999999505838704e-08,"1.00,0.00,0.00,0.00,0.00,0.00","1.000,0.989,0.997,1.003,1.002,0.986"
97,7912.4876590304475,0.011774766839505546,"0.00,1.00,0.00,0.00,0.00,0.00","1.000,1.014,1.013,1.000,1.019,1.000"
98,7704.406007747696,-0.026649853779871644,"0.00,1.00,0.00,0.00,0.00,0.00","1.000,0.974,0.965,1.024,0.998,1.000"
99,7665.365262224003,-0.005080209562426353,"0.00,0.00,0.00,0.00,0.00,1.00","1.000,1.000,1.000,1.000,1.000,1.000"
100,7627.03920436575,-0.00501244106978055,"0.00,1.00,0.00,0.00,0.00,0.00","1.000,1.000,1.000,1.000,1.000,1.000"
101,7588.904772954602,-0.00501244106978055,"0.00,0.00,1.00,0.00,0.00,0.00","1.000,0.992,1.000,0.963,1.006,1.000"
102,7569.933271809919,-0.0025030297168705377,"1.00,0.00,0.00,0.00,0.00,0.00","1.000,1.007,1.004,0.997,1.027,1.000"
103,7569.934028803246,9.999999505838704e-08,"1.00,0.00,0.00,0.00,0.00,0.00","1.000,1.026,1.020,1.007,1.029,1.000"
104,7709.266411257113,0.018238682761388812,"0.00,0.00,0.00,1.00,0.00,0.00","1.000,0.980,1.007,1.021,0.981,1.000"
105,7761.4954869091225,0.006751997661177441,"0.00,0.00,0.00,1.00,0.00,0.00","1.000,0.999,0.975,1.007,0.983,1.000"
106,7722.820338309242,-0.004995406895811401,"0.00,0.00,0.00,0.00,1.00,0.00","1.000,1.000,1.000,1.000,1.000,1.000"
107,7684.207010830435,-0.00501244106978055,"0.00,1.00,0.00,0.00,0.00,0.00","1.000,1.000,1.000,1.000,1.000,1.000"
108,7662.21476752013,-0.002866108944833193,"0.00,0.00,1.00,0.00,0.00,0.00","1.000,0.944,1.002,0.966,1.069,1.000"
109,7643.100863875622,-0.00249768303268607,"1.00,0.00,0.00,0.00,0.00,0.00","1.000,1.028,1.041,0.989,1.041,1.000"
110,7643.101628185709,9.999999505838704e-08,"1.00,0.00,0.00,0.00,0.00,0.00","1.000,1.018,1.015,0.996,0.963,1.000"
111,7542.395688658299,-0.013263630924121559,"0.00,0.00,0.00,1.00,0.00,0.00","1.000,1.005,1.044,0.989,1.026,1.000"
112,7267.078437007188,-0.03718551698078842,"0.00,0.00,0.00,0.00,1.00,0.00","1.000,1.027,0.982,1.000,0.969,1.000"
113,7266.488739726581,-8.114969625269407e-05,"0.00,0.00,0.00,0.00,1.00,0.00","1.000,1.000,1.000,1.000,1.000,1.000"
114,7230.157024493444,-0.00501244106978055,"0.00,0.00,1.00,0.00,0.00,0.00","1.000,1.000,1.000,1.000,1.000,1.000"
115,7301.86226344079,0.009868665802980507,"0.00,0.00,0.00,0.00,1.00,0.00","1.000,1.033,1.007,1.014,1.015,1.000"
116,7283.876649640057,-0.0024661929057941154,"1.00,0.00,0.00,0.00,0.00,0.00","1.000,0.993,0.985,1.007,1.019,1.000"
117,7283.877378027722,9.999999505838704e-08,"1.00,0.00,0.00,0.00,0.00,0.00","1.000,1.035,1.026,1.007,1.013,1.000"
118,7121.188987474921,-0.022588623190785265,"0.00,0.00,1.00,0.00,0.00,0.00","1.000,1.003,0.980,0.997,0.979,1.000"
119,7103.026451647899,-0.002553750085626271,"1.00,0.00,0.00,0.00,0.00,0.00","1.000,0.946,1.012,0.986,0.989,1.000"
120,7085.269595821424,-0.0025030299674969883,"0.00,0.00,0.00,0.00,1.00,0.00","1.000,1.000,1.000,1.000,1.000,1.000"
121,7049.843958140594,-0.00501244106978055,"0.00,1.00,0.00,0.00,0.00,0.00","1.000,1.000,1.000,1.000,1.000,1.000"
122,7090.061891996216,0.005688587001392332,"0.00,1.00,0.00,0.00,0.00,0.00","1.000,1.006,0.998,1.007,0.991,1.000"
123,7072.437991111435,-0.0024888134337009353,"1.00,0.00,0.00,0.00,0.00,0.00","1.000,1.043,1.022,0.996,1.004,1.000"
124,6743.732605680393,-0.04759168585335831,"0.00,0.00,1.00,0.00,0.00,0.00","1.000,0.974,0.956,1.000,1.009,1.000"
125,6726.098421134405,-0.002618324548441026,"1.00,0.00,0.00,0.00,0.00,0.00","1.000,1.012,1.002,0.993,1.013,1.000"
126,6853.4145281442925,0.018751753192506486,"0.00,0.00,0.00,1.00,0.00,0.00","1.000,0.995,0.978,1.021,0.979,1.000"
127,6819.507587305152,-0.004959731366716406,"0.00,0.00,1.00,0.00,0.00,0.00","1.000,1.000,1.000,1.000,1.000,1.000"
128,6819.508267551034,9.97499950626707e-08,"0.00,0.00,1.00,0.00,0.00,0.00","1.000,1.000,1.000,1.000,1.000,1.000"
129,6819.508947796984,9.97499950626707e-08,"0.00,0.00,1.00,0.00,0.00,0.00","1.000,1.000,1.000,1.000,1.000,1.000"
130,6802.460859083263,-0.0025030297168705377,"1.00,0.00,0.00,0.00,0.00,0.00","1.000,1.033,1.012,1.084,1.035,1.000"
131,6802.46153932935,9.999999505838704e-08,"1.00,0.00,0.00,0.00,0.00,0.00","1.000,1.015,1.038,1.006,1.010,1.000"
132,6802.462219575504,9.999999505838704e-08,"1.00,0.00,0.00,0.00,0.00,0.00","1.000,1.100,1.047,0.987,1.027,1.000"
133,6695.158573216475,-0.015899973574433658,"0.00,0.00,0.00,0.00,1.00,0.00","1.000,1.005,0.991,1.003,0.987,1.000"
134,6678.196174523803,-0.0025367468535511715,"1.00,0.00,0.00,0.00,0.00,0.00","1.000,1.000,1.000,1.000,1.000,1.000"
135,6661.501351907111,-0.0025030299674969883,"0.00,0.00,1.00,0.00,0.00,0.00","1.000,1.000,1.000,1.000,1.000,1.000"
136,6815.631242054451,0.02287379889074191,"0.00,1.00,0.00,0.00,0.00,0.00","1.000,1.028,1.007,1.023,1.010,1.000"
137,6799.059160154057,-0.002434442443473455,"1.00,0.00,0.00,0.00,0.00,0.00","1.000,0.956,0.968,0.997,0.958,1.000"
138,6799.059840059974,9.999999505838704e-08,"1.00,0.00,0.00,0.00,0.00,0.00","1.000,0.990,0.990,1.003,0.968,1.000"
139,6589.488343103993,-0.03130863971917794,"0.00,1.00,0.00,0.00,0.00,0.00","1.000,0.972,1.012,1.044,0.973,1.000"
140,6494.81406978394,-0.014471681045869723,"0.00,0.00,0.00,0.00,1.00,0.00","1.000,0.982,0.930,0.967,0.991,1.000"
141,6494.662386704446,-2.335476414436905e-05,"0.00,0.00,0.00,0.00,1.00,0.00","1.000,1.000,1.000,1.000,1.000,1.000"
142,6462.189725860828,-0.00501244106978055,"0.00,1.00,0.00,0.00,0.00,0.00","1.000,1.000,1.000,1.000,1.000,1.000"
143,6006.402595765567,-0.07314222763317163,"0.00,0.00,1.00,0.00,0.00,0.00","1.000,0.918,0.934,0.969,0.934,1.000"
144,5990.334164124045,-0.0026788020062489194,"1.00,0.00,0.00,0.00,0.00,0.00","1.000,1.039,1.021,1.023,1.019,1.000"
145,5913.803303561995,-0.012858036151723484,"0.00,0.00,1.00,0.00,0.00,0.00","1.000,1.004,0.990,0.997,0.982,1.000"
146,5849.17108852667,-0.010989204483365015,"0.00,0.00,0.00,0.00,1.00,0.00","1.000,1.006,0.992,1.003,0.994,1.000"
147,5834.461912714517,-0.002517912635872056,"1.00,0.00,0.00,0.00,0.00,0.00","1.000,1.013,1.017,1.038,1.014,1.000"
148,5819.876341378922,-0.0025030299674969883,"0.00,1.00,0.00,0.00,0.00,0.00","1.000,1.000,1.000,1.000,1.000,1.000"
149,5805.327233968077,-0.0025030297168705377,"1.00,0.00,0.00,0.00,0.00,0.00","1.000,1.000,1.000,1.000,1.000,1.000"
150,6056.302022359544,0.04232340186833664,"0.00,0.00,0.00,1.00,0.00,0.00","1.000,1.013,1.007,1.046,1.009,1.000"
151,6041.824006463693,-0.002393432300642564,"1.00,0.00,0.00,0.00,0.00,0.00","1.000,1.007,0.985,0.991,0.988,1.000"
152,6041.824610646094,9.999999505838704e-08,"1.00,0.00,0.00,0.00,0.00,0.00","1.000,0.984,1.006,1.000,1.004,1.000"
153,5984.321884104423,-0.009563024164333462,"0.00,0.00,0.00,0.00,1.00,0.00","1.000,0.998,1.001,1.003,0.993,1.000"
154,5984.216753985288,-1.7567745288974822e-05,"0.00,0.00,0.00,0.00,1.00,0.00","1.000,1.000,1.000,1.000,1.000,1.000"
155,5954.296270133091,-0.00501244106978055,"0.00,1.00,0.00,0.00,0.00,0.00","1.000,1.000,1.000,1.000,1.000,1.000"
156,5924.525385700626,-0.00501244106978055,"0.00,0.00,0.00,0.00,1.00,0.00","1.000,1.000,1.000,1.000,1.000,1.000"
157,5909.714666170044,-0.0025030297168705377,"1.00,0.00,0.00,0.00,0.00,0.00","1.000,1.000,1.000,1.000,1.000,1.000"
158,5909.715257141512,9.999999505838704e-08,"1.00,0.00,0.00,0.00,0.00,0.00","1.000,1.000,1.000,1.000,1.000,1.000"
159,5909.715848113038,9.999999505838704e-08,"1.00,0.00,0.00,0.00,0.00,0.00","1.000,1.000,1.000,1.000,1.000,1.000"
160,5909.716439084624,9.999999505838704e-08,"1.00,0.00,0.00,0.00,0.00,0.00","1.000,1.000,1.000,1.000,1.000,1.000"
161,5909.717030056268,9.999999505838704e-08,"1.00,0.00,0.00,0.00,0.00,0.00","1.000,0.980,1.005,0.944,1.012,1.000"
162,5909.717621027972,9.999999505838704e-08,"1.00,0.00,0.00,0.00,0.00,0.00","1.000,1.000,1.000,1.000,1.000,1.000"
163,5894.943917947165,-0.0025030299674969883,"0.00,0.00,0.00,1.00,0.00,0.00","1.000,1.000,1.000,1.000,1.000,1.000"
164,5803.408109726404,-0.015649670343789022,"0.00,0.00,0.00,1.00,0.00,0.00","1.000,1.007,1.015,0.984,1.009,1.000"
165,5788.67133027609,-0.0025425614904658824,"1.00,0.00,0.00,0.00,0.00,0.00","1.000,1.000,1.006,1.006,1.018,1.000"
166,5774.200230817532,-0.0025030299674969883,"0.00,0.00,0.00,1.00,0.00,0.00","1.000,1.078,1.003,1.000,1.000,1.000"
167,5667.868971368193,-0.018586554346510072,"0.00,1.00,0.00,0.00,0.00,0.00","1.000,0.987,1.003,1.009,1.009,1.000"
168,5709.745834271057,0.0073613059895071414,"0.00,0.00,0.00,1.00,0.00,0.00","1.000,0.980,1.010,1.012,1.010,1.000"
169,5681.372823044646,-0.0049816125626342845,"0.00,1.00,0.00,0.00,0.00,0.00","1.000,1.000,1.000,1.000,1.000,1.000"
170,5681.373389761585,9.97499950626707e-08,"0.00,1.00,0.00,0.00,0.00,0.00","1.000,1.000,1.000,1.000,1.000,1.000"
171,5857.792846784713,0.030579887855426997,"0.00,1.00,0.00,0.00,0.00,0.00","1.000,1.031,1.001,1.003,0.998,1.000"
172,5843.5899990930375,-0.0024275514874667415,"1.00,0.00,0.00,0.00,0.00,0.00","1.000,0.992,1.004,0.982,1.009,1.000"
173,5843.590583452038,9.999999505838704e-08,"1.00,0.00,0.00,0.00,0.00,0.00","1.000,0.977,0.984,1.012,0.967,1.000"
174,5864.942748789095,0.0036472867098352644,"0.00,0.00,0.00,1.00,0.00,0.00","1.000,1.013,1.022,1.006,1.012,1.000"
175,5585.727134669631,-0.048778102297662114,"0.00,1.00,0.00,0.00,0.00,0.00","1.000,0.957,0.979,0.985,0.965,1.000"
176,5557.177360010765,-0.005124307965737095,"0.00,0.00,0.00,0.00,1.00,0.00","1.000,1.000,1.000,1.000,1.000,1.000"
177,5557.177914339207,9.97499950626707e-08,"0.00,0.00,0.00,0.00,1.00,0.00","1.000,1.000,1.000,1.000,1.000,1.000"
178,5638.390778824588,0.014508291852096579,"0.00,1.00,0.00,0.00,0.00,0.00","1.000,1.020,1.012,1.000,1.013,1.000"
179,5624.566526323686,-0.00245481876004559,"1.00,0.00,0.00,0.00,0.00,0.00","1.000,1.001,1.004,1.012,1.014,1.000"
180,5624.567088780339,9.999999505838704e-08,"1.00,0.00,0.00,0.00,0.00,0.00","1.000,1.033,1.016,1.025,1.028,1.000"
181,5517.483269258836,-0.019222156294690807,"0.00,1.00,0.00,0.00,0.00,0.00","1.000,0.983,0.991,0.997,1.004,1.000"
182,5503.458147996597,-0.0025451780029293217,"1.00,0.00,0.00,0.00,0.00,0.00","1.000,1.016,1.018,1.006,1.000,1.000"
183,5489.700052972421,-0.0025030299674969883,"0.00,0.00,1.00,0.00,0.00,0.00","1.000,1.000,1.000,1.000,1.000,1.000"
184,5462.252103049989,-0.00501244106978055,"0.00,1.00,0.00,0.00,0.00,0.00","1.000,1.000,1.000,1.000,1.000,1.000"
185,5337.110009175363,-0.023176868110628423,"0.00,0.00,0.00,1.00,0.00,0.00","1.000,0.971,0.990,0.982,0.981,1.000"
186,5323.52443596372,-0.0025487377202457273,"1.00,0.00,0.00,0.00,0.00,0.00","1.000,1.041,1.009,0.994,1.008,1.000"
187,5323.524968316164,9.999999505838704e-08,"1.00,0.00,0.00,0.00,0.00,0.00","1.000,1.000,0.998,0.994,0.998,0.927"
188,5244.696380945517,-0.014918319127296062,"0.00,0.00,0.00,1.00,0.00,0.00","1.000,0.985,0.991,0.988,0.999,0.964"
189,5239.982337769207,-0.000899225168539627,"0.00,0.00,0.00,0.00,0.00,1.00","1.000,1.011,0.981,1.003,0.986,1.004"
190,5239.928951184895,-1.0188365691515082e-05,"0.00,0.00,0.00,0.00,0.00,1.00","1.000,1.000,1.000,1.000,1.000,1.000"
191,5213.729831731847,-0.00501244106978055,"0.00,1.00,0.00,0.00,0.00,0.00","1.000,1.000,1.000,1.000,1.000,1.000"
192,5233.897181065692,0.003860661250285439,"0.00,0.00,1.00,0.00,0.00,0.00","1.000,1.016,1.009,0.997,1.007,0.997"
193,5220.927978626061,-0.0024809997095200202,"1.00,0.00,0.00,0.00,0.00,0.00","1.000,1.001,1.000,1.003,1.016,0.990"
194,5220.928500718859,9.999999505838704e-08,"1.00,0.00,0.00,0.00,0.00,0.00","1.000,1.025,1.002,0.994,0.997,0.983"
195,5234.747965414657,0.002643439243329835,"0.00,0.00,0.00,0.00,0.00,1.00","1.000,0.982,0.989,0.988,0.984,1.005"
196,5171.612223917894,-0.012134216963013467,"0.00,0.00,0.00,0.00,0.00,1.00","1.000,0.971,0.975,0.994,0.984,0.988"
197,5145.597010179768,-0.005043082539900588,"0.00,1.00,0.00,0.00,0.00,0.00","1.000,1.000,1.000,1.000,1.000,1.000"
198,5119.86954097497,-0.00501244106978055,"0.00,0.00,0.00,0.00,1.00,0.00","1.000,1.000,1.000,1.000,1.000,1.000"
199,5140.889765024735,0.004097212073431155,"0.00,0.00,1.00,0.00,0.00,0.00","1.000,0.992,1.009,1.019,1.002,0.997"
200,5128.154026141103,-0.002480415055638141,"1.00,0.00,0.00,0.00,0.00,0.00","1.000,1.007,0.993,0.994,0.986,0.998"
201,4988.152300275608,-0.02768019477947225,"0.00,1.00,0.00,0.00,0.00,0.00","1.000,0.975,0.997,1.016,1.003,1.014"
202,4964.401893988424,-0.004772734899561816,"0.00,0.00,0.00,0.00,0.00,1.00","1.000,1.012,1.011,1.000,1.010,1.000"
203,4876.376891646274,-0.01789032190382827,"0.00,0.00,1.00,0.00,0.00,0.00","1.000,0.988,0.987,0.988,0.987,0.994"
204,4851.838278121879,-0.005044844329485944,"0.00,1.00,0.00,0.00,0.00,0.00","1.000,1.000,1.000,1.000,1.000,1.000"
205,4827.579573128057,-0.00501244106978055,"0.00,0.00,0.00,0.00,0.00,1.00","1.000,1.000,1.000,1.000,1.000,1.000"
206,4859.544187967863,0.006599426545882108,"0.00,0.00,0.00,0.00,1.00,0.00","1.000,1.014,1.013,1.013,1.012,1.003"
207,4847.5353765058935,-0.0024742390352445877,"1.00,0.00,0.00,0.00,0.00,0.00","1.000,0.992,1.006,1.019,1.000,1.006"
208,4847.535861259432,9.999999505838704e-08,"1.00,0.00,0.00,0.00,0.00,0.00","1.000,0.969,1.022,1.009,0.993,0.991"
209,4847.536346013018,9.999999505838704e-08,"1.00,0.00,0.00,0.00,0.00,0.00","1.000,0.975,1.008,1.000,1.008,0.991"
210,4912.7311692638705,0.013359427449975581,"0.00,1.00,0.00,0.00,0.00,0.00","1.000,1.016,1.006,1.024,1.006,1.015"
211,4912.538852001331,-3.9147476282697394e-05,"0.00,1.00,0.00,0.00,0.00,0.00","1.000,1.000,1.000,1.000,1.000,1.000"
212,4912.539342027082,9.97499950626707e-08,"0.00,1.00,0.00,0.00,0.00,0.00","1.000,1.000,1.000,1.000,1.000,1.000"
213,4916.874428046233,0.0008820640582699944,"0.00,0.00,0.00,1.00,0.00,0.00","1.000,1.012,1.100,1.006,0.998,1.022"
214,4904.654619007509,-0.0024883733043201814,"1.00,0.00,0.00,0.00,0.00,0.00","1.000,1.006,1.100,1.020,1.067,0.992"
215,4904.655109472971,9.999999505838704e-08,"1.00,0.00,0.00,0.00,0.00,0.00","1.000,0.969,1.047,0.997,0.976,0.996"
216,4832.187118006599,-0.01488559183663602,"0.00,0.00,0.00,0.00,0.00,1.00","1.000,0.946,0.956,0.980,0.996,0.988"
217,4735.9927554080605,-0.02010781674101466,"0.00,0.00,0.00,0.00,1.00,0.00","1.000,1.017,0.967,1.009,0.985,1.008"
218,4712.134474777509,-0.005050383162880579,"0.00,0.00,1.00,0.00,0.00,0.00","1.000,1.000,1.000,1.000,1.000,1.000"
219,4712.134944812923,9.97499950626707e-08,"0.00,0.00,1.00,0.00,0.00,0.00","1.000,1.000,1.000,1.000,1.000,1.000"
220,4712.135414848384,9.97499950626707e-08,"0.00,0.00,1.00,0.00,0.00,0.00","1.000,1.000,1.000,1.000,1.000,1.000"
221,4700.355548702838,-0.0025030297168705377,"1.00,0.00,0.00,0.00,0.00,0.00","1.000,1.000,1.000,1.000,1.000,1.000"
222,4700.356018738393,9.999999505838704e-08,"1.00,0.00,0.00,0.00,0.00,0.00","1.000,1.014,1.007,1.035,1.036,1.000"
223,4700.356488773995,9.999999505838704e-08,"1.00,0.00,0.00,0.00,0.00,0.00","1.000,1.044,0.987,1.003,0.990,0.994"
224,4700.356958809644,9.999999505838704e-08,"1.00,0.00,0.00,0.00,0.00,0.00","1.000,1.001,0.989,1.025,1.017,0.991"
225,4688.606536448316,-0.0025030299674969883,"0.00,0.00,0.00,1.00,0.00,0.00","1.000,1.000,1.000,1.000,1.000,1.000"
226,4665.163973798879,-0.00501244106978055,"0.00,0.00,1.00,0.00,0.00,0.00","1.000,1.000,1.000,1.000,1.000,1.000"
227,4861.7285143251065,0.041271052585968665,"0.00,0.00,0.00,0.00,1.00,0.00","1.000,1.023,0.990,1.036,1.047,1.009"
228,4850.121780204585,-0.002390222108960638,"1.00,0.00,0.00,0.00,0.00,0.00","1.000,1.014,1.031,1.000,1.005,0.995"
229,4850.1222652167635,9.999999505838704e-08,"1.00,0.00,0.00,0.00,0.00,0.00","1.000,0.980,0.936,0.982,0.938,1.000"
230,4975.223295087749,0.025466339083362075,"0.00,0.00,0.00,0.00,0.00,1.00","1.000,1.016,1.011,1.013,1.015,1.028"
231,4764.451602743709,-0.0432878111713062,"0.00,0.00,0.00,0.00,1.00,0.00","1.000,0.963,1.003,0.984,0.963,0.982"
232,4740.1666118882185,-0.005110156590122402,"0.00,0.00,1.00,0.00,0.00,0.00","1.000,1.000,1.000,1.000,1.000,1.000"
233,4716.46625403048,-0.00501244106978055,"0.00,0.00,0.00,0.00,0.00,1.00","1.000,1.000,1.000,1.000,1.000,1.000"
234,4530.42833572502,-0.04024335383428504,"0.00,0.00,0.00,0.00,1.00,0.00","1.000,0.949,0.996,1.000,0.966,0.980"
235,4518.698682093893,-0.0025924401718231257,"1.00,0.00,0.00,0.00,0.00,0.00","1.000,0.986,0.962,1.022,0.970,1.003"
236,4372.447963531561,-0.032901023211341515,"0.00,1.00,0.00,0.00,0.00,0.00","1.000,0.970,0.975,0.984,0.956,0.971"
237,4397.242246921878,0.005654555374165343,"0.00,0.00,1.00,0.00,0.00,0.00","1.000,1.005,1.011,1.019,0.976,0.972"
238,4218.600734354474,-0.04147408883713836,"0.00,0.00,1.00,0.00,0.00,0.00","1.000,0.978,0.959,1.047,1.008,1.019"
239,4197.061853358995,-0.005118771766524118,"0.00,0.00,0.00,0.00,0.00,1.00","1.000,1.000,1.000,1.000,1.000,1.000"
240,4176.076964847651,-0.00501244106978055,"0.00,0.00,0.00,0.00,1.00,0.00","1.000,1.000,1.000,1.000,1.000,1.000"
241,3738.6412107457404,-0.11065004791252513,"0.00,0.00,1.00,0.00,0.00,0.00","1.000,0.917,0.900,0.985,0.924,1.018"
242,3728.2593770287435,-0.0027807629912501492,"1.00,0.00,0.00,0.00,0.00,0.00","1.000,1.022,0.993,0.985,1.008,0.944"
243,3788.253219407573,0.015963551087751715,"0.00,0.00,1.00,0.00,0.00,0.00","1.000,1.006,1.019,1.044,1.000,0.977"
244,3892.8443772314704,0.02723507193118262,"0.00,0.00,1.00,0.00,0.00,0.00","1.000,1.017,1.028,1.005,0.994,0.959"
245,3928.6649784142933,0.009159575215698403,"0.00,0.00,0.00,0.00,0.00,1.00","1.000,1.020,1.008,0.995,1.026,1.014"
246,3928.528483044334,-3.4744052222431516e-05,"0.00,0.00,0.00,0.00,0.00,1.00","1.000,1.000,1.000,1.000,1.000,1.000"
247,3928.52887491505,9.97499950626707e-08,"0.00,0.00,0.00,0.00,0.00,1.00","1.000,1.000,1.000,1.000,1.000,1.000"
248,3908.886624375494,-0.00501244106978055,"0.00,0.00,0.00,1.00,0.00,0.00","1.000,1.000,1.000,1.000,1.000,1.000"
249,3899.1147996804393,-0.0025030297168705377,"1.00,0.00,0.00,0.00,0.00,0.00","1.000,0.997,1.002,1.017,1.004,0.996"
250,3899.1151895919197,9.999999505838704e-08,"1.00,0.00,0.00,0.00,0.00,0.00","1.000,0.988,1.082,1.020,1.030,1.005"
251,3899.1155795034388,9.999999505838704e-08,"1.00,0.00,0.00,0.00,0.00,0.00","1.000,0.984,0.980,0.993,0.986,0.989"
252,3883.580995932652,-0.003992087845420978,"0.00,1.00,0.00,0.00,0.00,0.00","1.000,0.999,0.991,0.990,0.975,0.974"
253,3864.1490485457566,-0.005016175840126127,"0.00,0.00,1.00,0.00,0.00,0.00","1.000,1.000,1.000,1.000,1.000,1.000"
254,3844.82869068397,-0.00501244106978055,"0.00,0.00,0.00,0.00,0.00,1.00","1.000,1.000,1.000,1.000,1.000,1.000"
255,3787.02805617947,-0.015147490734375227,"0.00,1.00,0.00,0.00,0.00,0.00","1.000,0.990,0.914,0.903,0.931,0.988"
256,3777.464910605097,-0.0025284313730218294,"1.00,0.00,0.00,0.00,0.00,0.00","1.000,0.961,1.015,1.013,1.004,0.990"
257,3589.9411374322635,-0.05091731996201151,"0.00,0.00,0.00,0.00,1.00,0.00","1.000,0.980,0.954,1.013,0.953,1.006"
258,3929.9239822309073,0.0904842766429583,"0.00,0.00,1.00,0.00,0.00,0.00","1.000,0.969,1.100,0.995,1.034,0.964"
259,3844.8864392958035,-0.02187601487233624,"0.00,1.00,0.00,0.00,0.00,0.00","1.000,0.983,1.014,1.003,0.998,1.003"
260,3825.4974968251177,-0.0050555445276828405,"0.00,0.00,0.00,0.00,0.00,1.00","1.000,1.000,1.000,1.000,1.000,1.000"
261,3806.370392847116,-0.00501244106978055,"0.00,0.00,0.00,0.00,1.00,0.00","1.000,1.000,1.000,1.000,1.000,1.000"
262,3650.207719435332,-0.041892006871046335,"0.00,0.00,1.00,0.00,0.00,0.00","1.000,1.015,0.964,1.021,1.006,1.001"
263,3640.7415162992415,-0.0025967012385159703,"1.00,0.00,0.00,0.00,0.00,0.00","1.000,1.039,1.010,1.077,1.022,1.012"
264,3640.7418803733935,9.999999505838704e-08,"1.00,0.00,0.00,0.00,0.00,0.00","1.000,0.998,1.059,0.983,1.061,0.988"
265,3484.411187395053,-0.043888400504314806,"0.00,0.00,1.00,0.00,0.00,0.00","1.000,1.017,0.960,1.012,0.959,1.035"
266,3475.333394731838,-0.002608658321877559,"1.00,0.00,0.00,0.00,0.00,0.00","1.000,1.039,1.004,0.998,1.006,0.978"
267,3466.6454087783477,-0.0025030299674969883,"0.00,0.00,0.00,0.00,1.00,0.00","1.000,1.000,1.000,1.000,1.000,1.000"
268,3449.312529265658,-0.00501244106978055,"0.00,0.00,0.00,0.00,0.00,1.00","1.000,1.000,1.000,1.000,1.000,1.000"
269,3237.2605788947985,-0.06344747248135593,"0.00,0.00,1.00,0.00,0.00,0.00","1.000,0.973,0.944,0.993,0.960,0.972"
270,3228.6833185254723,-0.0026530590232392774,"1.00,0.00,0.00,0.00,0.00,0.00","1.000,0.923,0.984,0.966,0.946,0.973"
271,3228.6836413938045,9.999999505838704e-08,"1.00,0.00,0.00,0.00,0.00,0.00","1.000,0.993,1.031,1.023,1.030,0.973"
272,3261.481668340885,0.010107078813209684,"0.00,1.00,0.00,0.00,0.00,0.00","1.000,1.013,1.012,0.998,1.010,1.014"
273,3240.9958119646717,-0.00630095966216857,"0.00,1.00,0.00,0.00,0.00,0.00","1.000,0.994,1.047,0.990,1.019,1.040"
274,3224.740198771255,-0.005028243471724819,"0.00,0.00,0.00,0.00,0.00,1.00","1.000,1.000,1.000,1.000,1.000,1.000"
275,3208.616821057604,-0.00501244106978055,"0.00,0.00,0.00,1.00,0.00,0.00","1.000,1.000,1.000,1.000,1.000,1.000"
276,3192.574058616152,-0.00501244106978055,"0.00,1.00,0.00,0.00,0.00,0.00","1.000,1.000,1.000,1.000,1.000,1.000"
277,3184.5929435251605,-0.0025030297168705377,"1.00,0.00,0.00,0.00,0.00,0.00","1.000,1.000,1.000,1.000,1.000,1.000"
278,3184.5932619844552,9.999999505838704e-08,"1.00,0.00,0.00,0.00,0.00,0.00","1.000,0.995,0.980,0.960,0.987,1.036"
279,3184.593580443782,9.999999505838704e-08,"1.00,0.00,0.00,0.00,0.00,0.00","1.000,0.956,0.961,1.000,0.987,1.031"
280,3184.59389890314,9.999999505838704e-08,"1.00,0.00,0.00,0.00,0.00,0.00","1.000,1.000,1.040,1.008,1.009,1.000"
281,3176.6327326152723,-0.0025030299674969883,"0.00,0.00,0.00,1.00,0.00,0.00","1.000,1.000,1.000,1.000,1.000,1.000"
282,3160.7498874096273,-0.00501244106978055,"0.00,0.00,0.00,0.00,1.00,0.00","1.000,1.000,1.000,1.000,1.000,1.000"
283,3072.929368795511,-0.0281780071508863,"0.00,0.00,0.00,0.00,0.00,1.00","1.000,1.018,1.002,1.000,1.015,0.977"
284,3065.0682319403686,-0.0025614676526925593,"1.00,0.00,0.00,0.00,0.00,0.00","1.000,0.996,1.000,0.990,1.001,0.997"
285,3065.068538447192,9.999999505838704e-08,"1.00,0.00,0.00,0.00,0.00,0.00","1.000,1.028,1.024,1.016,1.024,1.017"
286,3171.2454395768855,0.034054463093221535,"0.00,0.00,0.00,0.00,1.00,0.00","1.000,0.995,1.032,1.028,1.037,0.996"
287,3163.6015560157107,-0.002413282365392712,"1.00,0.00,0.00,0.00,0.00,0.00","1.000,1.014,0.991,1.007,1.006,0.999"
288,3155.692868485827,-0.0025030299674969883,"0.00,0.00,0.00,0.00,0.00,1.00","1.000,1.000,1.000,1.000,1.000,1.000"
289,3139.914720501608,-0.00501244106978055,"0.00,0.00,0.00,0.00,1.00,0.00","1.000,1.000,1.000,1.000,1.000,1.000"
290,3113.2858728921037,-0.008516921272051416,"0.00,0.00,1.00,0.00,0.00,0.00","1.000,0.951,0.997,0.988,0.964,0.983"
291,3105.4757834445963,-0.0025117841735394896,"1.00,0.00,0.00,0.00,0.00,0.00","1.000,1.022,1.013,1.000,1.013,1.005"
292,3099.0527048285326,-0.002070449325108286,"0.00,1.00,0.00,0.00,0.00,0.00","1.000,1.000,1.016,0.975,1.019,0.997"
293,3062.6498075543545,-0.011815994277824997,"0.00,0.00,0.00,0.00,1.00,0.00","1.000,1.014,0.993,1.000,0.993,1.000"
294,3110.108436241431,0.015377101115061543,"0.00,0.00,0.00,1.00,0.00,0.00","1.000,0.989,0.957,1.021,0.982,1.006"
295,3109.952459649598,-5.015275396048065e-05,"0.00,0.00,0.00,1.00,0.00,0.00","1.000,1.000,1.000,1.000,1.000,1.000"
296,3094.403009124084,-0.00501244106978055,"0.00,0.00,1.00,0.00,0.00,0.00","1.000,1.000,1.000,1.000,1.000,1.000"
297,3215.9691502920878,0.038533759981619856,"0.00,0.00,1.00,0.00,0.00,0.00","1.000,1.037,1.039,1.000,1.021,0.993"
298,3208.2334643680533,-0.002408295667768566,"1.00,0.00,0.00,0.00,0.00,0.00","1.000,0.991,0.982,1.020,0.988,1.000"
299,3208.2337851914,9.999999505838704e-08,"1.00,0.00,0.00,0.00,0.00,0.00","1.000,1.001,0.997,1.005,0.994,0.996"
300,3138.2186657993093,-0.02206522797521187,"0.00,0.00,0.00,0.00,1.00,0.00","1.000,0.961,0.982,0.978,0.981,0.975"
301,3059.9291481339374,-0.025263573565226287,"0.00,0.00,1.00,0.00,0.00,0.00","1.000,1.000,0.980,1.010,0.984,0.990"
302,3044.4745030441013,-0.005063452219905228,"0.00,0.00,0.00,0.00,0.00,1.00","1.000,1.000,1.000,1.000,1.000,1.000"
303,3029.2524357374496,-0.00501244106978055,"0.00,0.00,1.00,0.00,0.00,0.00","1.000,1.000,1.000,1.000,1.000,1.000"
304,3053.1097274868657,0.007844785778460758,"0.00,0.00,0.00,0.00,1.00,0.00","1.000,1.008,1.005,1.032,1.013,1.013"
305,3045.5742860153036,-0.0024711709246102824,"1.00,0.00,0.00,0.00,0.00,0.00","1.000,1.020,0.999,0.998,1.003,1.004"
306,3045.5745905727326,9.999999505838704e-08,"1.00,0.00,0.00,0.00,0.00,0.00","1.000,0.985,0.988,0.998,0.994,1.002"
307,3036.8016230654184,-0.002884719156768398,"0.00,0.00,0.00,0.00,0.00,1.00","1.000,1.007,0.993,1.022,0.999,1.000"
308,2999.1439803485764,-0.012477955831890923,"0.00,0.00,1.00,0.00,0.00,0.00","1.000,1.011,0.993,0.983,0.997,1.006"
309,2984.092666532615,-0.00503117173976262,"0.00,1.00,0.00,0.00,0.00,0.00","1.000,1.000,1.000,1.000,1.000,1.000"
310,2969.1725023552417,-0.00501244106978055,"0.00,0.00,1.00,0.00,0.00,0.00","1.000,1.000,1.000,1.000,1.000,1.000"
311,2925.777201903439,-0.014723139815974758,"0.00,0.00,0.00,1.00,0.00,0.00","1.000,1.017,1.017,0.990,1.011,1.022"
312,2918.3920382123615,-0.0025273626819301833,"1.00,0.00,0.00,0.00,0.00,0.00","1.000,0.995,1.004,1.007,0.996,1.001"
313,2918.3923300515653,9.999999505838704e-08,"1.00,0.00,0.00,0.00,0.00,0.00","1.000,1.003,1.010,1.002,1.004,0.993"
314,2912.18235249798,-0.002130143335724478,"0.00,0.00,0.00,0.00,0.00,1.00","1.000,0.987,0.998,0.995,1.020,1.000"
315,2891.4935299611234,-0.007129588416711508,"0.00,1.00,0.00,0.00,0.00,0.00","1.000,0.998,0.980,1.000,0.990,0.994"
316,2891.4785693431013,-5.174023932687225e-06,"0.00,1.00,0.00,0.00,0.00,0.00","1.000,1.000,1.000,1.000,1.000,1.000"
317,2877.021466367112,-0.00501244106978055,"0.00,0.00,1.00,0.00,0.00,0.00","1.000,1.000,1.000,1.000,1.000,1.000"
318,2889.167490411185,0.0042128491102803095,"0.00,0.00,1.00,0.00,0.00,0.00","1.000,0.996,1.004,0.971,0.991,0.997"
319,2881.9752256638067,-0.002492493713889571,"1.00,0.00,0.00,0.00,0.00,0.00","1.000,1.012,0.992,1.000,1.008,0.997"
320,2881.9755138613295,9.999999505838704e-08,"1.00,0.00,0.00,0.00,0.00,0.00","1.000,1.020,0.969,0.980,0.966,0.991"
321,2852.854699670719,-0.010155859337719227,"0.00,0.00,0.00,0.00,0.00,1.00","1.000,1.078,0.994,1.003,0.997,0.992"
322,2858.9360108908936,0.0021293894773852,"0.00,0.00,1.00,0.00,0.00,0.00","1.000,0.958,1.007,1.015,0.991,0.985"
323,2858.885550356032,-1.765026569029431e-05,"0.00,0.00,1.00,0.00,0.00,0.00","1.000,1.000,1.000,1.000,1.000,1.000"
324,2844.591409207528,-0.00501244106978055,"0.00,1.00,0.00,0.00,0.00,0.00","1.000,1.000,1.000,1.000,1.000,1.000"
325,2646.8151746355693,-0.07206234377409382,"0.00,1.00,0.00,0.00,0.00,0.00","1.000,0.930,0.921,0.973,0.901,0.950"
326,2639.703960795978,-0.002690321531639087,"1.00,0.00,0.00,0.00,0.00,0.00","1.000,0.991,1.012,1.013,1.005,1.034"
327,2639.7042247663744,9.999999505838704e-08,"1.00,0.00,0.00,0.00,0.00,0.00","1.000,1.100,1.019,1.020,1.019,0.994"
328,2641.485241586838,0.0006744756647450292,"0.00,0.00,0.00,0.00,1.00,0.00","1.000,1.023,0.995,1.000,1.003,1.014"
329,2579.517128754666,-0.023739128453513024,"0.00,0.00,0.00,0.00,0.00,1.00","1.000,0.972,1.034,0.985,1.056,0.982"
330,2572.947260181317,-0.0025501863333686594,"1.00,0.00,0.00,0.00,0.00,0.00","1.000,1.000,1.000,1.000,1.000,1.000"
331,2566.5151493255894,-0.0025030299674969883,"0.00,0.00,0.00,0.00,0.00,1.00","1.000,1.000,1.000,1.000,1.000,1.000"
332,2572.332745316617,0.0022641644958551104,"0.00,0.00,1.00,0.00,0.00,0.00","1.000,1.047,1.007,1.015,1.058,0.992"
333,2565.948564669063,-0.002484949167856945,"1.00,0.00,0.00,0.00,0.00,0.00","1.000,0.988,0.984,0.983,1.001,0.999"
334,2565.94882126392,9.999999505838704e-08,"1.00,0.00,0.00,0.00,0.00,0.00","1.000,0.992,0.986,0.990,0.970,1.001"
335,2527.0289040391513,-0.01528405462173945,"0.00,1.00,0.00,0.00,0.00,0.00","1.000,0.987,1.015,1.003,0.990,1.001"
336,2503.1396514484904,-0.009498461904717854,"0.00,0.00,0.00,0.00,1.00,0.00","1.000,1.011,0.990,0.995,0.996,1.017"
337,2490.5964120604976,-0.005023599808829446,"0.00,1.00,0.00,0.00,0.00,0.00","1.000,1.000,1.000,1.000,1.000,1.000"
338,2478.1436796824855,-0.00501244106978055,"0.00,0.00,0.00,0.00,1.00,0.00","1.000,1.000,1.000,1.000,1.000,1.000"
339,2419.0497326778072,-0.024134973036270067,"0.00,1.00,0.00,0.00,0.00,0.00","1.000,0.981,0.992,1.010,1.004,1.048"
340,2412.8861871818312,-0.002551171597116479,"1.00,0.00,0.00,0.00,0.00,0.00","1.000,0.997,1.014,0.995,0.989,0.985"
341,2412.88642847045,9.999999505838704e-08,"1.00,0.00,0.00,0.00,0.00,0.00","1.000,0.961,0.972,0.997,0.963,0.988"
342,2414.755841910497,0.0007744623270679842,"0.00,1.00,0.00,0.00,0.00,0.00","1.000,1.003,1.006,0.995,1.009,1.002"
343,2412.989504867146,-0.0007317441146084864,"0.00,0.00,0.00,0.00,0.00,1.00","1.000,1.017,0.999,0.990,1.002,1.004"
344,2400.950390142864,-0.005001782359653037,"0.00,1.00,0.00,0.00,0.00,0.00","1.000,1.000,1.000,1.000,1.000,1.000"
345,2388.9458788874263,-0.00501244106978055,"0.00,0.00,0.00,1.00,0.00,0.00","1.000,1.000,1.000,1.000,1.000,1.000"
346,2407.5130540673226,0.007742073134330392,"0.00,0.00,0.00,1.00,0.00,0.00","1.000,1.000,1.005,1.008,1.000,1.008"
347,2401.540930122891,-0.0024837013824843225,"1.00,0.00,0.00,0.00,0.00,0.00","1.000,0.990,1.007,0.982,1.017,1.015"
348,2401.5411702769843,9.999999505838704e-08,"1.00,0.00,0.00,0.00,0.00,0.00","1.000,1.001,0.985,0.992,0.991,0.995"
349,2317.7548475369235,-0.03551170655642313,"0.00,1.00,0.00,0.00,0.00,0.00","1.000,0.968,0.987,0.974,0.980,1.028"
350,2312.253529761665,-0.0023763759871947253,"0.00,0.00,0.00,1.00,0.00,0.00","1.000,0.967,0.992,1.003,0.979,0.957"
351,2300.708117247813,-0.005005650384569557,"0.00,1.00,0.00,0.00,0.00,0.00","1.000,1.000,1.000,1.000,1.000,1.000"
352,2300.7083467434477,9.97499950626707e-08,"0.00,1.00,0.00,0.00,0.00,0.00","1.000,1.000,1.000,1.000,1.000,1.000"
353,2289.205035655742,-0.00501244106978055,"0.00,0.00,0.00,0.00,0.00,1.00","1.000,1.015,1.014,1.030,1.028,1.000"
354,2283.4822525594072,-0.0025030297168705377,"1.00,0.00,0.00,0.00,0.00,0.00","1.000,1.015,1.002,0.997,1.014,0.990"
355,2283.4824809076326,9.999999505838704e-08,"1.00,0.00,0.00,0.00,0.00,0.00","1.000,1.014,1.013,1.013,1.029,1.004"
356,2274.24056788006,-0.004055501220904004,"0.00,0.00,0.00,0.00,0.00,1.00","1.000,1.031,1.025,0.995,1.021,0.998"
357,2268.546382984117,-0.0025069139009511235,"1.00,0.00,0.00,0.00,0.00,0.00","1.000,1.043,1.030,0.997,1.053,1.002"
358,2262.875243881295,-0.0025030299674969883,"0.00,0.00,0.00,0.00,0.00,1.00","1.000,1.000,1.000,1.000,1.000,1.000"
359,2251.5610945151316,-0.00501244106978055,"0.00,0.00,0.00,1.00,0.00,0.00","1.000,1.000,1.000,1.000,1.000,1.000"
360,2258.5032002830403,0.0030784976872850565,"0.00,1.00,0.00,0.00,0.00,0.00","1.000,1.008,0.986,1.013,0.985,0.997"
361,2252.9024422346574,-0.0024829338656534913,"1.00,0.00,0.00,0.00,0.00,0.00","1.000,0.997,0.981,0.997,0.969,0.995"
362,2252.902667524902,9.999999505838704e-08,"1.00,0.00,0.00,0.00,0.00,0.00","1.000,1.020,1.003,1.008,0.988,0.997"
363,2271.9374536740015,0.00841351204640328,"0.00,0.00,0.00,0.00,1.00,0.00","1.000,0.967,0.997,0.995,1.011,0.993"
364,2258.75306133445,-0.005820053041415107,"0.00,0.00,0.00,0.00,1.00,0.00","1.000,1.005,1.002,1.008,0.994,1.022"
365,2247.4267156034543,-0.00502703848674762,"0.00,1.00,0.00,0.00,0.00,0.00","1.000,1.000,1.000,1.000,1.000,1.000"
366,2236.1898073299653,-0.00501244106978055,"0.00,0.00,0.00,0.00,1.00,0.00","1.000,1.000,1.000,1.000,1.000,1.000"
367,2246.59392617144,0.004641819967685123,"0.00,1.00,0.00,0.00,0.00,0.00","1.000,1.010,1.006,1.005,1.009,0.992"
368,2241.0313614498777,-0.002479069536294452,"1.00,0.00,0.00,0.00,0.00,0.00","1.000,1.050,1.007,0.977,1.013,0.993"
369,2311.7082436306646,0.03105056152531946,"0.00,0.00,0.00,0.00,0.00,1.00","1.000,1.047,0.988,1.005,0.987,1.034"
370,2288.331297188461,-0.010163889888352979,"0.00,0.00,0.00,1.00,0.00,0.00","1.000,1.007,1.000,0.995,1.004,0.990"
371,2294.2764081680775,0.0025946424818158445,"0.00,0.00,0.00,1.00,0.00,0.00","1.000,1.005,0.996,1.003,0.997,0.998"
372,2282.820192820829,-0.005005897960824616,"0.00,1.00,0.00,0.00,0.00,0.00","1.000,1.000,1.000,1.000,1.000,1.000"
373,2271.406320709449,-0.00501244106978055,"0.00,0.00,0.00,0.00,1.00,0.00","1.000,1.000,1.000,1.000,1.000,1.000"
374,2257.4901857487976,-0.006145505307356156,"0.00,0.00,1.00,0.00,0.00,0.00","1.000,0.974,0.999,1.016,0.996,0.998"
375,2251.84032029851,-0.0025058568668463632,"1.00,0.00,0.00,0.00,0.00,0.00","1.000,1.011,1.037,1.028,1.004,0.998"
376,2290.9963243946418,0.017238997068215658,"0.00,1.00,0.00,0.00,0.00,0.00","1.000,1.020,0.992,1.000,0.999,1.021"
377,2247.7768249867745,-0.019045149140797864,"0.00,1.00,0.00,0.00,0.00,0.00","1.000,0.981,0.986,0.988,1.012,1.068"
378,2265.1839426123556,0.0077143165419271496,"0.00,0.00,1.00,0.00,0.00,0.00","1.000,0.986,1.013,1.003,1.052,0.980"
379,2253.929775547309,-0.004980706852055118,"0.00,0.00,0.00,1.00,0.00,0.00","1.000,1.000,1.000,1.000,1.000,1.000"
380,2242.6603526260324,-0.00501244106978055,"0.00,1.00,0.00,0.00,0.00,0.00","1.000,1.000,1.000,1.000,1.000,1.000"
381,2152.54447573253,-0.04101219911461298,"0.00,0.00,0.00,0.00,1.00,0.00","1.000,0.988,1.006,1.000,0.965,0.985"
382,2146.967095605867,-0.002594426442440884,"1.00,0.00,0.00,0.00,0.00,0.00","1.000,0.990,0.987,0.987,0.992,0.986"
383,2156.7835353896294,0.00456181486749161,"0.00,0.00,0.00,0.00,1.00,0.00","1.000,1.014,1.015,0.997,1.007,0.979"
384,2158.2604808361966,0.0006845564025258138,"0.00,0.00,0.00,0.00,1.00,0.00","1.000,0.986,0.995,0.982,1.001,1.002"
385,2151.5515267985797,-0.003113342041291947,"0.00,0.00,0.00,0.00,0.00,1.00","1.000,0.975,1.021,1.000,1.017,1.002"
386,2140.804129855255,-0.0050077021861413915,"0.00,0.00,0.00,1.00,0.00,0.00","1.000,1.000,1.000,1.000,1.000,1.000"
387,2140.8043434004667,9.97499950626707e-08,"0.00,0.00,0.00,1.00,0.00,0.00","1.000,1.000,1.000,1.000,1.000,1.000"
388,2143.589666705997,0.0013002182765440439,"0.00,1.00,0.00,0.00,0.00,0.00","1.000,1.006,0.994,1.044,0.990,1.016"
389,2138.2644626984315,-0.002487336836868444,"1.00,0.00,0.00,0.00,0.00,0.00","1.000,0.969,0.986,1.000,0.985,0.988"
390,2131.7492864498063,-0.003051597342437033,"0.00,0.00,1.00,0.00,0.00,0.00","1.000,1.017,0.999,0.998,1.005,0.995"
391,2118.671800503889,-0.006153520766137723,"0.00,0.00,0.00,0.00,0.00,1.00","1.000,1.022,0.986,0.990,1.001,0.999"
392,2032.9314503953747,-0.04131056751893801,"0.00,1.00,0.00,0.00,0.00,0.00","1.000,0.965,0.968,1.010,0.978,0.988"
393,2027.6624469595772,-0.0025951900269871927,"1.00,0.00,0.00,0.00,0.00,0.00","1.000,1.000,1.000,1.000,1.000,1.000"
394,2022.593493608423,-0.0025030299674969883,"0.00,0.00,0.00,0.00,1.00,0.00","1.000,1.000,1.000,1.000,1.000,1.000"
395,1977.6884096345914,-0.022451902834241484,"0.00,0.00,1.00,0.00,0.00,0.00","1.000,0.989,0.983,0.998,0.973,0.988"
396,1972.657848600257,-0.0025468976260771313,"1.00,0.00,0.00,0.00,0.00,0.00","1.000,0.981,1.011,1.045,1.008,0.984"
397,1972.658045866042,9.999999505838704e-08,"1.00,0.00,0.00,0.00,0.00,0.00","1.000,0.995,1.001,1.007,1.004,1.006"
398,1954.0828536077329,-0.009460940402310467,"0.00,0.00,1.00,0.00,0.00,0.00","1.000,0.985,0.993,1.069,0.988,0.989"
399,1954.3953290288841,0.00015989620881347988,"0.00,1.00,0.00,0.00,0.00,0.00","1.000,1.005,1.005,0.980,1.003,1.009"
400,1954.370358434841,-1.2776715741023152e-05,"0.00,1.00,0.00,0.00,0.00,0.00","1.000,1.000,1.000,1.000,1.000,1.000"
401,1954.3705533832842,9.97499950626707e-08,"0.00,1.00,0.00,0.00,0.00,0.00","1.000,1.000,1.000,1.000,1.000,1.000"
402,1944.5988965420156,-0.00501244106978055,"0.00,0.00,0.00,1.00,0.00,0.00","1.000,1.000,1.000,1.000,1.000,1.000"
403,1939.7375942466997,-0.0025030297168705377,"1.00,0.00,0.00,0.00,0.00,0.00","1.000,1.000,1.000,1.000,1.000,1.000"
404,1939.7377882204592,9.999999505838704e-08,"1.00,0.00,0.00,0.00,0.00,0.00","1.000,1.000,1.000,1.000,1.000,1.000"
405,1939.7379821942382,9.999999505838704e-08,"1.00,0.00,0.00,0.00,0.00,0.00","1.000,1.000,1.000,1.000,1.000,1.000"
406,1939.7381761680365,9.999999505838704e-08,"1.00,0.00,0.00,0.00,0.00,0.00","1.000,1.000,1.000,1.000,1.000,1.000"
407,1939.7383701418541,9.999999505838704e-08,"1.00,0.00,0.00,0.00,0.00,0.00","1.000,1.000,1.000,1.000,1.000,1.000"
408,1939.7385641156914,9.999999505838704e-08,"1.00,0.00,0.00,0.00,0.00,0.00","1.000,1.000,1.000,1.000,1.000,1.000"
409,1939.738758089548,9.999999505838704e-08,"1.00,0.00,0.00,0.00,0.00,0.00","1.000,1.025,1.006,1.089,1.013,0.989"
410,1939.7389520634238,9.999999505838704e-08,"1.00,0.00,0.00,0.00,0.00,0.00","1.000,1.000,1.007,1.004,1.017,1.006"
411,1939.7391460373192,9.999999505838704e-08,"1.00,0.00,0.00,0.00,0.00,0.00","1.000,1.015,1.005,0.983,1.004,0.992"
412,1942.5996071939835,0.0014735765506760981,"0.00,0.00,0.00,0.00,0.00,1.00","1.000,0.990,0.991,1.008,0.981,1.004"
413,1937.7625289629732,-0.002493107893914572,"1.00,0.00,0.00,0.00,0.00,0.00","1.000,0.998,1.003,1.069,1.011,1.002"
414,1932.9183164168187,-0.0025030299674969883,"0.00,0.00,0.00,0.00,0.00,1.00","1.000,1.000,1.000,1.000,1.000,1.000"
415,1923.2539186097958,-0.00501244106978055,"0.00,1.00,0.00,0.00,0.00,0.00","1.000,1.000,1.000,1.000,1.000,1.000"
416,1901.4797767507448,-0.011386087937943951,"0.00,0.00,0.00,0.00,0.00,1.00","1.000,0.988,0.975,1.002,0.984,0.994"
417,1896.6960257151936,-0.0025189742728315987,"1.00,0.00,0.00,0.00,0.00,0.00","1.000,1.002,1.002,1.008,0.971,0.986"
418,1896.6962153847962,9.999999505838704e-08,"1.00,0.00,0.00,0.00,0.00,0.00","1.000,0.990,0.997,1.027,0.995,0.988"
419,1864.7156410145867,-0.017004968472774277,"0.00,0.00,0.00,0.00,1.00,0.00","1.000,0.941,0.968,0.951,0.986,0.977"
420,1865.4501826194678,0.0003938385847201133,"0.00,0.00,0.00,0.00,0.00,1.00","1.000,1.014,1.014,1.006,1.022,1.005"
421,1856.14830655275,-0.004998871030247429,"0.00,0.00,1.00,0.00,0.00,0.00","1.000,1.000,1.000,1.000,1.000,1.000"
422,1846.867751098854,-0.00501244106978055,"0.00,0.00,0.00,1.00,0.00,0.00","1.000,1.000,1.000,1.000,1.000,1.000"
423,1916.2167243967945,0.036861689444153835,"0.00,0.00,0.00,1.00,0.00,0.00","1.000,0.991,0.999,1.038,1.002,0.991"
424,1911.599746641832,-0.002412330909214012,"1.00,0.00,0.00,0.00,0.00,0.00","1.000,0.988,1.010,0.994,0.991,0.999"
425,1927.6776708786297,0.008375543872826989,"0.00,0.00,0.00,0.00,0.00,1.00","1.000,1.006,0.998,1.096,0.999,1.011"
426,1940.656277441713,0.006710204152609648,"0.00,1.00,0.00,0.00,0.00,0.00","1.000,1.012,1.004,1.007,1.002,0.996"
427,1926.61870021776,-0.007259705584547973,"0.00,0.00,0.00,0.00,1.00,0.00","1.000,1.017,0.985,1.028,0.998,1.011"
428,1926.6079714887535,-5.568698610590243e-06,"0.00,0.00,0.00,0.00,1.00,0.00","1.000,1.000,1.000,1.000,1.000,1.000"
429,1916.9751247737588,-0.00501244106978055,"0.00,0.00,1.00,0.00,0.00,0.00","1.000,1.000,1.000,1.000,1.000,1.000"
430,1846.87011058963,-0.03725611364478156,"0.00,0.00,1.00,0.00,0.00,0.00","1.000,0.963,0.963,1.039,0.959,0.983"
431,1842.0778574659503,-0.0025981693756668535,"1.00,0.00,0.00,0.00,0.00,0.00","1.000,1.012,1.004,1.011,1.006,1.000"
432,1838.9153512254243,-0.001718290058874696,"0.00,0.00,0.00,0.00,1.00,0.00","1.000,0.996,1.002,0.995,1.001,1.009"
433,1801.29358280021,-0.020670850874822802,"0.00,0.00,1.00,0.00,0.00,0.00","1.000,0.984,0.985,0.940,0.970,0.998"
434,1851.4351361037923,0.027456023694622612,"0.00,0.00,0.00,0.00,0.00,1.00","1.000,0.981,0.983,1.033,0.995,1.033"
435,1842.325470109989,-0.004932471502223802,"0.00,0.00,0.00,1.00,0.00,0.00","1.000,1.000,1.000,1.000,1.000,1.000"
436,1833.1140274525674,-0.00501244106978055,"0.00,0.00,0.00,0.00,1.00,0.00","1.000,1.000,1.000,1.000,1.000,1.000"
437,1869.220521312367,0.01950533541885699,"0.00,1.00,0.00,0.00,0.00,0.00","1.000,1.025,1.008,1.088,1.013,0.981"
438,1864.6602848283192,-0.0024426268475991495,"1.00,0.00,0.00,0.00,0.00,0.00","1.000,1.023,1.005,0.998,0.998,0.984"
439,1864.6604712943476,9.999999505838704e-08,"1.00,0.00,0.00,0.00,0.00,0.00","1.000,0.997,1.016,0.986,1.006,1.000"
440,1857.6623393248976,-0.003760093130356311,"0.00,0.00,0.00,0.00,0.00,1.00","1.000,0.995,0.996,1.012,1.002,0.999"
441,1847.5564850386165,-0.005454943324432192,"0.00,0.00,0.00,0.00,0.00,1.00","1.000,0.989,0.998,0.997,0.990,0.995"
442,1838.2936373794378,-0.005026176785116584,"0.00,0.00,0.00,1.00,0.00,0.00","1.000,1.000,1.000,1.000,1.000,1.000"
443,1829.1023534814776,-0.00501244106978055,"0.00,1.00,0.00,0.00,0.00,0.00","1.000,1.000,1.000,1.000,1.000,1.000"
444,1794.6309924949146,-0.019025903692149865,"0.00,0.00,0.00,1.00,0.00,0.00","1.000,0.996,0.979,0.986,0.990,1.003"
445,1790.0816008705222,-0.0025382197029068816,"1.00,0.00,0.00,0.00,0.00,0.00","1.000,0.975,0.996,0.956,0.981,0.996"
446,1790.0817798786823,9.999999505838704e-08,"1.00,0.00,0.00,0.00,0.00,0.00","1.000,0.997,0.988,1.015,1.006,0.986"
447,1843.1656541117193,0.029223251616761738,"0.00,0.00,0.00,1.00,0.00,0.00","1.000,0.979,0.996,1.032,0.998,0.971"
448,1802.1169309763045,-0.022522510873956923,"0.00,1.00,0.00,0.00,0.00,0.00","1.000,0.983,0.919,0.963,0.937,1.020"
449,1793.0269858495037,-0.005056801456179981,"0.00,0.00,0.00,0.00,0.00,1.00","1.000,1.000,1.000,1.000,1.000,1.000"
450,1784.0620306712115,-0.00501244106978055,"0.00,0.00,0.00,0.00,1.00,0.00","1.000,1.000,1.000,1.000,1.000,1.000"
451,1754.9402061706828,-0.016458018329548664,"0.00,0.00,1.00,0.00,0.00,0.00","1.000,0.987,0.989,1.015,1.012,1.016"
452,1750.5027827733181,-0.0025317346660980906,"1.00,0.00,0.00,0.00,0.00,0.00","1.000,0.943,0.982,1.064,0.969,1.025"
453,1776.747740798558,0.014881530074840263,"0.00,0.00,1.00,0.00,0.00,0.00","1.000,1.012,1.017,0.972,1.004,0.991"
454,1791.8468093672088,0.008462243866283003,"0.00,1.00,0.00,0.00,0.00,0.00","1.000,1.013,0.934,0.935,0.985,0.988"
455,1852.1104751657278,0.03307896120781221,"0.00,1.00,0.00,0.00,0.00,0.00","1.000,1.034,0.997,0.954,1.012,1.001"
456,1843.0009110073975,-0.004930613267891235,"0.00,0.00,0.00,1.00,0.00,0.00","1.000,1.000,1.000,1.000,1.000,1.000"
457,1833.7860912132016,-0.00501244106978055,"0.00,0.00,1.00,0.00,0.00,0.00","1.000,1.000,1.000,1.000,1.000,1.000"
458,1646.9494880060608,-0.10745795029101232,"0.00,0.00,0.00,1.00,0.00,0.00","1.000,0.991,1.008,0.903,0.971,0.994"
459,1642.3905688951595,-0.0027719371978130822,"1.00,0.00,0.00,0.00,0.00,0.00","1.000,0.992,1.012,1.033,1.041,0.988"
460,1644.3789703256896,0.00120994286297303,"0.00,0.00,0.00,1.00,0.00,0.00","1.000,0.972,1.001,1.004,0.986,0.995"
461,1623.0873142314379,-0.013032702165608276,"0.00,0.00,0.00,1.00,0.00,0.00","1.000,0.981,0.992,0.987,0.999,1.013"
462,1629.5149582627537,0.003952313784405536,"0.00,0.00,0.00,0.00,1.00,0.00","1.000,1.002,1.012,1.007,1.009,1.001"
463,1621.4038550886435,-0.004990047719259959,"0.00,1.00,0.00,0.00,0.00,0.00","1.000,1.000,1.000,1.000,1.000,1.000"
464,1621.4040168236781,9.97499950626707e-08,"0.00,1.00,0.00,0.00,0.00,0.00","1.000,1.000,1.000,1.000,1.000,1.000"
465,1574.2794155649563,-0.029494797289089818,"0.00,0.00,0.00,0.00,1.00,0.00","1.000,0.984,0.984,1.041,0.976,0.994"
466,1570.246830245696,-0.0025648299391871346,"1.00,0.00,0.00,0.00,0.00,0.00","1.000,0.956,0.915,1.004,0.986,1.000"
467,1570.2469872703791,9.999999505838704e-08,"1.00,0.00,0.00,0.00,0.00,0.00","1.000,1.000,1.039,1.016,1.023,0.999"
468,1573.8768451297265,0.002308979967406849,"0.00,0.00,1.00,0.00,0.00,0.00","1.000,1.035,1.005,0.977,0.987,0.984"
469,1577.8541917865637,0.002523913824882283,"0.00,1.00,0.00,0.00,0.00,0.00","1.000,1.008,1.004,1.016,1.008,0.997"
470,1569.9945019415773,-0.004993700106206982,"0.00,0.00,0.00,0.00,1.00,0.00","1.000,1.000,1.000,1.000,1.000,1.000"
471,1562.1446868238181,-0.00501244106978055,"0.00,1.00,0.00,0.00,0.00,0.00","1.000,1.000,1.000,1.000,1.000,1.000"
472,1584.136562350643,0.013979826944994538,"0.00,0.00,1.00,0.00,0.00,0.00","1.000,1.021,1.019,1.023,1.009,1.004"
473,1580.2505202965078,-0.0024561116615512348,"1.00,0.00,0.00,0.00,0.00,0.00","1.000,0.984,0.973,0.988,0.978,0.989"
474,1580.25067832156,9.999999505838704e-08,"1.00,0.00,0.00,0.00,0.00,0.00","1.000,1.012,1.040,1.010,1.006,0.999"
475,1628.396385859227,0.030012226581648867,"0.00,0.00,0.00,0.00,1.00,0.00","1.000,0.990,1.005,1.002,1.033,0.959"
476,1545.5500996621495,-0.05221581966169634,"0.00,0.00,0.00,0.00,0.00,1.00","1.000,0.997,0.985,0.952,0.988,0.954"
477,1545.3641334832305,-0.00012033085690259532,"0.00,0.00,0.00,0.00,0.00,1.00","1.000,1.000,1.000,1.000,1.000,1.000"
478,1545.3642876333029,9.97499950626707e-08,"0.00,0.00,0.00,0.00,0.00,1.00","1.000,1.000,1.000,1.000,1.000,1.000"
479,1540.4371941027493,-0.0031933990224841326,"0.00,0.00,0.00,1.00,0.00,0.00","1.000,0.980,0.984,1.002,0.993,0.968"
480,1536.593219546711,-0.002498497602526737,"1.00,0.00,0.00,0.00,0.00,0.00","1.000,1.012,0.998,1.022,1.003,1.004"
481,1535.7976646260397,-0.0005178735183401575,"0.00,0.00,0.00,0.00,0.00,1.00","1.000,0.990,0.980,1.002,0.979,1.002"
482,1518.23628434907,-0.011500575390034028,"0.00,0.00,0.00,0.00,1.00,0.00","1.000,0.990,1.017,1.044,0.994,1.008"
483,1470.7941060849264,-0.03174685874761284,"0.00,0.00,1.00,0.00,0.00,0.00","1.000,1.049,0.974,1.002,0.995,0.999"
484,1463.3412295410744,-0.005080128705601532,"0.00,1.00,0.00,0.00,0.00,0.00","1.000,1.000,1.000,1.000,1.000,1.000"
485,1456.0246700933274,-0.00501244106978055,"0.00,0.00,0.00,0.00,0.00,1.00","1.000,1.000,1.000,1.000,1.000,1.000"
486,1433.293002332833,-0.015735297648164812,"0.00,0.00,1.00,0.00,0.00,0.00","1.000,0.970,0.989,0.990,0.965,1.007"
487,1429.6714795103262,-0.002529912457588014,"1.00,0.00,0.00,0.00,0.00,0.00","1.000,1.007,1.029,0.991,1.022,0.999"
488,1423.9636057495786,-0.0040004283675635285,"0.00,1.00,0.00,0.00,0.00,0.00","1.000,0.999,0.974,0.990,0.977,0.982"
489,1437.4388998643299,0.009418733440772284,"0.00,1.00,0.00,0.00,0.00,0.00","1.000,1.009,1.005,1.007,0.994,0.994"
490,1431.681122269081,-0.004013624581929822,"0.00,0.00,0.00,0.00,1.00,0.00","1.000,1.028,1.009,1.000,1.001,1.004"
491,1424.5263317667846,-0.005010004058144266,"0.00,0.00,0.00,0.00,0.00,1.00","1.000,1.000,1.000,1.000,1.000,1.000"
492,1417.4038429167153,-0.00501244106978055,"0.00,0.00,0.00,0.00,1.00,0.00","1.000,1.000,1.000,1.000,1.000,1.000"
493,1410.316965796867,-0.00501244106978055,"0.00,0.00,0.00,1.00,0.00,0.00","1.000,1.000,1.000,1.000,1.000,1.000"
494,1406.7913147666504,-0.0025030297168705377,"1.00,0.00,0.00,0.00,0.00,0.00","1.000,1.003,1.016,0.990,1.016,1.002"
495,1406.791455445782,9.999999505838704e-08,"1.00,0.00,0.00,0.00,0.00,0.00","1.000,1.009,1.007,1.007,1.014,0.995"
496,1406.7915961249278,9.999999505838704e-08,"1.00,0.00,0.00,0.00,0.00,0.00","1.000,1.027,1.000,0.991,0.997,1.004"
497,1365.5696226126447,-0.029740000314964602,"0.00,1.00,0.00,0.00,0.00,0.00","1.000,0.973,1.028,0.976,1.045,1.022"
498,1358.647890716487,-0.0050816403296097,"0.00,0.00,0.00,1.00,0.00,0.00","1.000,1.000,1.000,1.000,1.000,1.000"
499,1351.8547874673554,-0.00501244106978055,"0.00,1.00,0.00,0.00,0.00,0.00","1.000,1.000,1.000,1.000,1.000,1.000"
500,1324.3541947331134,-0.0205526257142794,"0.00,0.00,0.00,0.00,1.00,0.00","1.000,0.979,0.989,1.000,0.985,1.023"
501,1320.9918516902117,-0.0025420831865243716,"1.00,0.00,0.00,0.00,0.00,0.00","1.000,1.002,1.002,1.077,1.001,1.001"
502,1292.2858147045902,-0.021970257525410437,"0.00,0.00,0.00,0.00,1.00,0.00","1.000,0.997,0.982,1.013,0.981,0.969"
503,1279.487935741439,-0.009952652018643909,"0.00,1.00,0.00,0.00,0.00,0.00","1.000,0.995,1.006,1.000,1.004,1.002"
504,1259.9825861318063,-0.015362047350525387,"0.00,0.00,0.00,0.00,1.00,0.00","1.000,0.987,0.994,0.997,0.990,0.993"
505,1253.650234181551,-0.005038417142695297,"0.00,0.00,0.00,0.00,0.00,1.00","1.000,1.000,1.000,1.000,1.000,1.000"
506,1253.650359233162,9.97499950626707e-08,"0.00,0.00,0.00,0.00,0.00,1.00","1.000,1.000,1.000,1.000,1.000,1.000"
507,1212.6962547967405,-0.03321339258704661,"0.00,1.00,0.00,0.00,0.00,0.00","1.000,0.972,0.967,1.033,0.966,0.984"
508,1209.5783667075314,-0.0025743487410167538,"1.00,0.00,0.00,0.00,0.00,0.00","1.000,0.991,1.005,1.019,1.007,1.006"
509,1215.903939752136,0.0052159418923865475,"0.00,0.00,0.00,0.00,1.00,0.00","1.000,1.003,1.040,0.995,1.008,1.050"
510,1222.9087181887987,0.005744432788729295,"0.00,1.00,0.00,0.00,0.00,0.00","1.000,1.011,0.991,1.000,0.997,0.998"
511,1195.6455880002388,-0.02254593578769856,"0.00,1.00,0.00,0.00,0.00,0.00","1.000,0.978,0.996,1.046,0.990,0.981"
512,1189.5994048781195,-0.005069664617119149,"0.00,0.00,0.00,0.00,0.00,1.00","1.000,1.000,1.000,1.000,1.000,1.000"
513,1189.5995235406601,9.97499950626707e-08,"0.00,0.00,0.00,0.00,0.00,1.00","1.000,1.000,1.000,1.000,1.000,1.000"
514,1189.426400148953,-0.00014554140859821368,"0.00,0.00,0.00,0.00,1.00,0.00","1.000,1.009,1.007,1.000,1.005,0.990"
515,1186.467318438853,-0.002490922230203958,"1.00,0.00,0.00,0.00,0.00,0.00","1.000,1.001,1.013,0.976,1.018,0.994"
516,1186.4674370855848,9.999999505838704e-08,"1.00,0.00,0.00,0.00,0.00,0.00","1.000,0.994,1.012,1.009,0.999,1.020"
517,1173.169304958898,-0.011271457744925112,"0.00,0.00,0.00,0.00,0.00,1.00","1.000,1.013,0.988,0.966,1.000,0.991"
518,1156.1366020102707,-0.014624963161495386,"0.00,0.00,0.00,0.00,1.00,0.00","1.000,0.986,0.994,0.992,0.991,0.997"
519,1150.3283231011478,-0.005036531120787194,"0.00,0.00,0.00,1.00,0.00,0.00","1.000,1.000,1.000,1.000,1.000,1.000"
520,1144.5767968060563,-0.00501244106978055,"0.00,1.00,0.00,0.00,0.00,0.00","1.000,1.000,1.000,1.000,1.000,1.000"
521,1095.1122391528795,-0.044178099382281476,"0.00,0.00,0.00,1.00,0.00,0.00","1.000,0.971,1.006,0.962,0.971,1.092"
522,1092.2657823781667,-0.002602621360764264,"1.00,0.00,0.00,0.00,0.00,0.00","1.000,1.009,1.002,1.005,0.987,0.957"
523,1091.3346765431622,-0.000852817087148799,"0.00,0.00,0.00,1.00,0.00,0.00","1.000,0.970,0.953,1.002,0.948,0.971"
524,996.0892404993127,-0.09131984759349701,"0.00,0.00,0.00,0.00,1.00,0.00","1.000,0.930,0.904,0.933,0.918,1.010"
525,1051.3267859701464,0.0539713986939048,"0.00,0.00,0.00,0.00,0.00,1.00","1.000,0.982,0.990,1.002,0.971,1.061"
526,1046.220616079813,-0.004868714739785844,"0.00,0.00,0.00,0.00,1.00,0.00","1.000,1.000,1.000,1.000,1.000,1.000"
527,1046.2207204403194,9.97499950626707e-08,"0.00,0.00,0.00,0.00,1.00,0.00","1.000,1.000,1.000,1.000,1.000,1.000"
528,1035.0776455298742,-0.010707913448613732,"0.00,0.00,0.00,0.00,1.00,0.00","1.000,0.992,0.974,1.007,0.989,1.084"
529,1032.4621972371988,-0.0025300114016562755,"1.00,0.00,0.00,0.00,0.00,0.00","1.000,0.902,0.900,0.937,0.900,1.042"
530,1032.4623004834186,9.999999505838704e-08,"1.00,0.00,0.00,0.00,0.00,0.00","1.000,1.011,0.990,1.007,1.009,1.001"
531,1061.3985182037236,0.027640862996091774,"0.00,0.00,1.00,0.00,0.00,0.00","1.000,1.008,1.031,1.033,1.021,0.987"
532,1035.3000379553487,-0.024896118882405366,"0.00,0.00,1.00,0.00,0.00,0.00","1.000,0.960,0.975,0.930,0.961,0.948"
533,1030.0585965390105,-0.005075585984059593,"0.00,0.00,0.00,0.00,0.00,1.00","1.000,1.000,1.000,1.000,1.000,1.000"
534,1024.9084068196898,-0.00501244106978055,"0.00,1.00,0.00,0.00,0.00,0.00","1.000,1.000,1.000,1.000,1.000,1.000"
535,1055.3299238385443,0.029250192660346216,"0.00,0.00,0.00,1.00,0.00,0.00","1.000,1.031,1.015,1.035,1.038,1.009"
536,1052.7801402768603,-0.0024190243654381265,"1.00,0.00,0.00,0.00,0.00,0.00","1.000,1.012,1.010,1.030,1.018,0.969"
537,1052.7802455548745,9.999999505838704e-08,"1.00,0.00,0.00,0.00,0.00,0.00","1.000,0.992,0.994,1.000,0.991,1.001"
538,1050.1484002190118,-0.0025030299674969883,"0.00,0.00,0.00,0.00,0.00,1.00","1.000,1.000,1.000,1.000,1.000,1.000"
539,1044.897763495294,-0.00501244106978055,"0.00,0.00,0.00,0.00,1.00,0.00","1.000,1.000,1.000,1.000,1.000,1.000"
540,1039.6733794288182,-0.00501244106978055,"0.00,0.00,1.00,0.00,0.00,0.00","1.000,1.000,1.000,1.000,1.000,1.000"
541,1037.0743002075023,-0.0025030297168705377,"1.00,0.00,0.00,0.00,0.00,0.00","1.000,1.000,1.000,1.000,1.000,1.000"
542,1037.0744039149324,9.999999505838704e-08,"1.00,0.00,0.00,0.00,0.00,0.00","1.000,1.000,1.000,1.000,1.000,1.000"
543,1037.074507622373,9.999999505838704e-08,"1.00,0.00,0.00,0.00,0.00,0.00","1.000,1.000,1.000,1.000,1.000,1.000"
544,1037.0746113298237,9.999999505838704e-08,"1.00,0.00,0.00,0.00,0.00,0.00","1.000,1.000,1.000,1.000,1.000,1.000"
545,1037.074715037285,9.999999505838704e-08,"1.00,0.00,0.00,0.00,0.00,0.00","1.000,1.020,1.021,1.024,1.019,1.033"
546,1037.0748187447564,9.999999505838704e-08,"1.00,0.00,0.00,0.00,0.00,0.00","1.000,0.998,1.010,0.986,1.008,0.988"
547,1037.0749224522383,9.999999505838704e-08,"1.00,0.00,0.00,0.00,0.00,0.00","1.000,1.000,1.000,1.000,1.000,1.000"
548,1034.4823388536,-0.0025030299674969883,"0.00,1.00,0.00,0.00,0.00,0.00","1.000,1.000,1.000,1.000,1.000,1.000"
549,1067.471393316419,0.03139152203077609,"0.00,0.00,1.00,0.00,0.00,0.00","1.000,1.034,1.037,1.038,1.031,1.003"
550,1064.897765197601,-0.0024138684975830572,"1.00,0.00,0.00,0.00,0.00,0.00","1.000,1.009,1.020,0.986,1.039,0.994"
551,1064.8978716873776,9.999999505838704e-08,"1.00,0.00,0.00,0.00,0.00,0.00","1.000,1.003,0.998,0.991,1.000,1.100"
552,1048.577890604171,-0.015444043180286604,"0.00,0.00,0.00,0.00,0.00,1.00","1.000,1.017,0.997,1.007,1.009,0.987"
553,1033.6144163539198,-0.01437305459387948,"0.00,0.00,0.00,0.00,1.00,0.00","1.000,0.980,0.985,0.982,0.991,0.975"
554,1028.4223543206977,-0.0050358684962385014,"0.00,0.00,1.00,0.00,0.00,0.00","1.000,1.000,1.000,1.000,1.000,1.000"
555,1023.2803456484352,-0.00501244106978055,"0.00,0.00,0.00,0.00,0.00,1.00","1.000,1.000,1.000,1.000,1.000,1.000"
556,1030.1728955264812,0.006713155795374825,"0.00,1.00,0.00,0.00,0.00,0.00","1.000,1.012,1.015,0.998,0.990,0.995"
557,1027.6274403126854,-0.0024739586904962783,"1.00,0.00,0.00,0.00,0.00,0.00","1.000,1.008,1.021,1.036,1.019,1.015"
558,1027.6275430754295,9.999999505838704e-08,"1.00,0.00,0.00,0.00,0.00,0.00","1.000,0.999,0.986,0.979,1.005,0.994"
559,1030.9712786092377,0.003248557649171685,"0.00,0.00,0.00,0.00,1.00,0.00","1.000,1.015,1.008,1.007,1.006,1.000"
560,1054.7201330285823,0.02277410813797608,"0.00,0.00,0.00,1.00,0.00,0.00","1.000,1.013,1.023,1.028,1.022,1.005"
561,1054.648366351058,-6.804565212110053e-05,"0.00,0.00,0.00,1.00,0.00,0.00","1.000,1.000,1.000,1.000,1.000,1.000"
562,1049.3752302478015,-0.00501244106978055,"0.00,0.00,0.00,0.00,0.00,1.00","1.000,1.000,1.000,1.000,1.000,1.000"
563,1045.3035715363483,-0.0038876259559358487,"0.00,0.00,0.00,0.00,1.00,0.00","1.000,1.014,1.008,1.032,1.001,0.996"
564,1042.6933405070276,-0.002500226292487743,"1.00,0.00,0.00,0.00,0.00,0.00","1.000,0.999,1.100,0.983,1.023,1.014"
565,1042.6934447763617,9.999999505838704e-08,"1.00,0.00,0.00,0.00,0.00,0.00","1.000,1.000,1.100,0.998,1.042,0.979"
566,1040.0868154337652,-0.0025030299674969883,"0.00,0.00,0.00,1.00,0.00,0.00","1.000,1.011,1.100,1.000,1.100,0.994"
567,1035.73449770474,-0.004193351401821994,"0.00,0.00,0.00,0.00,0.00,1.00","1.000,0.965,1.100,0.973,1.019,1.001"
568,1035.7324915807824,-1.9369113465127026e-06,"0.00,0.00,0.00,0.00,0.00,1.00","1.000,1.000,1.000,1.000,1.000,1.000"
569,1030.5539329550606,-0.00501244106978055,"0.00,1.00,0.00,0.00,0.00,0.00","1.000,1.000,1.000,1.000,1.000,1.000"
570,1128.6496475267174,0.09092545928605096,"0.00,0.00,0.00,0.00,1.00,0.00","1.000,1.018,1.000,1.007,1.100,0.986"
571,1126.0850844044576,-0.0022748256740563124,"1.00,0.00,0.00,0.00,0.00,0.00","1.000,1.031,1.000,0.988,0.997,0.984"
572,1126.085197012966,9.999999505838704e-08,"1.00,0.00,0.00,0.00,0.00,0.00","1.000,1.100,1.100,0.998,1.002,1.003"
573,1118.0872777305674,-0.007127752642434538,"0.00,0.00,0.00,0.00,0.00,1.00","1.000,1.100,1.100,0.988,0.952,0.995"
574,1000.4752855403557,-0.11114426500659007,"0.00,0.00,0.00,0.00,1.00,0.00","1.000,1.008,0.957,0.961,0.900,1.016"
575,1000.196923590681,-0.00027826842418311986,"0.00,0.00,0.00,0.00,1.00,0.00","1.000,1.000,1.000,1.000,1.000,1.000"
576,1000.1970233603241,9.97499950626707e-08,"0.00,0.00,0.00,0.00,1.00,0.00","1.000,1.000,1.000,1.000,1.000,1.000"
577,1007.9986604122859,0.007769836738457389,"0.00,0.00,1.00,0.00,0.00,0.00","1.000,0.920,1.013,0.996,0.985,1.000"
578,1005.5106131056984,-0.0024713554644551885,"1.00,0.00,0.00,0.00,0.00,0.00","1.000,1.022,1.040,1.011,1.020,1.004"
579,944.2300959419886,-0.06288088206430742,"0.00,1.00,0.00,0.00,0.00,0.00","1.000,0.942,0.906,0.971,0.958,0.976"
580,941.7230883644282,-0.0026586121809331034,"1.00,0.00,0.00,0.00,0.00,0.00","1.000,0.995,0.988,1.006,1.041,1.002"
581,934.7022589170923,-0.007483231049521288,"0.00,0.00,0.00,0.00,1.00,0.00","1.000,0.996,1.005,0.991,0.995,1.007"
582,930.0172040994222,-0.005024953907314652,"0.00,0.00,1.00,0.00,0.00,0.00","1.000,1.000,1.000,1.000,1.000,1.000"
583,930.0172968686384,9.97499950626707e-08,"0.00,0.00,1.00,0.00,0.00,0.00","1.000,1.000,1.000,1.000,1.000,1.000"
584,939.9612999589128,0.010635519402227133,"0.00,0.00,1.00,0.00,0.00,0.00","1.000,0.998,1.011,0.996,0.997,1.008"
585,937.6363507134463,-0.0024765161299624147,"1.00,0.00,0.00,0.00,0.00,0.00","1.000,0.974,1.007,0.977,0.968,1.010"
586,937.6364444770815,9.999999505838704e-08,"1.00,0.00,0.00,0.00,0.00,0.00","1.000,0.992,1.018,0.990,0.999,0.997"
587,935.2924471295332,-0.0025030299674969883,"0.00,0.00,0.00,0.00,1.00,0.00","1.000,1.000,1.000,1.000,1.000,1.000"
588,930.6160786569534,-0.00501244106978055,"0.00,0.00,0.00,0.00,0.00,1.00","1.000,1.000,1.000,1.000,1.000,1.000"
589,925.9630915579305,-0.00501244106978055,"0.00,0.00,1.00,0.00,0.00,0.00","1.000,1.000,1.000,1.000,1.000,1.000"
590,923.6482766568355,-0.0025030297168705377,"1.00,0.00,0.00,0.00,0.00,0.00","1.000,1.000,1.000,1.000,1.000,1.000"
591,923.6483690216633,9.999999505838704e-08,"1.00,0.00,0.00,0.00,0.00,0.00","1.000,1.028,0.939,0.994,0.954,1.012"
592,923.6484613865002,9.999999505838704e-08,"1.00,0.00,0.00,0.00,0.00,0.00","1.000,1.018,1.035,1.027,1.029,0.977"
593,922.8874467789748,-0.0008242619569398062,"0.00,0.00,1.00,0.00,0.00,0.00","1.000,0.987,1.002,1.000,0.992,0.980"
594,918.2769624407134,-0.005008237126483103,"0.00,0.00,0.00,0.00,1.00,0.00","1.000,0.970,1.015,0.998,1.000,0.996"
595,821.8579734417038,-0.1109314486961149,"0.00,0.00,1.00,0.00,0.00,0.00","1.000,0.970,0.900,1.004,0.953,1.002"
596,817.5204721324409,-0.0052916536049162155,"0.00,1.00,0.00,0.00,0.00,0.00","1.000,1.000,1.000,1.000,1.000,1.000"
597,813.432951728206,-0.00501244106978055,"0.00,0.00,1.00,0.00,0.00,0.00","1.000,1.000,1.000,1.000,1.000,1.000"
598,802.5078039682526,-0.013521924223996397,"0.00,0.00,1.00,0.00,0.00,0.00","1.000,0.992,0.987,0.968,0.987,1.000"
599,800.4743018402277,-0.002537150242018247,"1.00,0.00,0.00,0.00,0.00,0.00","1.000,0.936,0.938,0.963,0.962,1.000"
600,814.8525382829235,0.017802732962138926,"0.00,0.00,1.00,0.00,0.00,0.00","1.000,1.009,1.020,0.951,1.013,1.048"
601,810.8192053136022,-0.00496206108145646,"0.00,0.00,0.00,1.00,0.00,0.00","1.000,1.016,0.981,1.000,1.008,0.998"
602,779.7217864635227,-0.03910792913094618,"0.00,1.00,0.00,0.00,0.00,0.00","1.000,0.967,0.973,0.966,1.020,0.965"
603,775.7559969010891,-0.005099138281224203,"0.00,0.00,0.00,1.00,0.00,0.00","1.000,1.000,1.000,1.000,1.000,1.000"
604,771.8772946861224,-0.00501244106978055,"0.00,0.00,0.00,0.00,0.00,1.00","1.000,1.000,1.000,1.000,1.000,1.000"
605,786.3337180096714,0.018555687257447807,"0.00,0.00,1.00,0.00,0.00,0.00","1.000,0.977,1.024,1.042,1.000,0.973"
606,784.413528231175,-0.0024449391709873473,"1.00,0.00,0.00,0.00,0.00,0.00","1.000,1.017,1.029,0.987,1.016,0.991"
607,784.4136066725279,9.999999505838704e-08,"1.00,0.00,0.00,0.00,0.00,0.00","1.000,1.005,1.006,0.972,0.996,0.998"
608,766.5850055796452,-0.02299084765635685,"0.00,0.00,0.00,0.00,0.00,1.00","1.000,1.030,0.971,0.951,0.953,0.980"
